row_id,PET_id,PET,expanded_text,span_text,label,whole_text,pet_type
80,8,顔をいじる,でもついたのか。 それとも旅行中、他の男と関係でもできたのか。しきりに鏡台を見て[PET_BOUNDARY]顔をいじって[PET_BOUNDARY]いるが、それも若い男と親しくなったせいなのか。考えだすと衿子の行動の一つ一つ,顔をいじって,0,でもついたのか。 それとも旅行中、他の男と関係でもできたのか。しきりに鏡台を見て顔をいじっているが、それも若い男と親しくなったせいなのか。考えだすと衿子の行動の一つ一つ,sometimes
81,8,顔をいじる,っている。テーブルの上には、化粧の道具が並んでいる。その誰かは鏡に見入り、熱心に[PET_BOUNDARY]顔をいじって[PET_BOUNDARY]いる。そして…しばらくして鏡の中の人物はニヤニヤ笑い出した。…だが、それが誰,顔をいじって,0,っている。テーブルの上には、化粧の道具が並んでいる。その誰かは鏡に見入り、熱心に顔をいじっている。そして…しばらくして鏡の中の人物はニヤニヤ笑い出した。…だが、それが誰,sometimes
82,8,顔をいじる,車を買った、オーディションがこうで…と。 そのうち、ヘアメイクも到着して、彼らの[PET_BOUNDARY]顔をいじりながら[PET_BOUNDARY]ワイワイと仲良し同士、大盛り上がり。モーリはニコニコとソファに座って彼ら,顔をいじりながら,0,車を買った、オーディションがこうで…と。 そのうち、ヘアメイクも到着して、彼らの顔をいじりながらワイワイと仲良し同士、大盛り上がり。モーリはニコニコとソファに座って彼ら,sometimes
83,8,顔をいじる,自分は友達によく[PET_BOUNDARY]顔をいじられるのですが[PET_BOUNDARY]、自分の顔は普通でしょうか？悪いでしょうか？,顔をいじられるのですが,0,自分は友達によく顔をいじられるのですが、自分の顔は普通でしょうか？悪いでしょうか？,sometimes
84,8,顔をいじる,ここ数年[PET_BOUNDARY]顔をいじるのが[PET_BOUNDARY]癖になってしまっていて暇さえあれば毛穴の角栓を押し出したり,顔をいじるのが,0,ここ数年顔をいじるのが癖になってしまっていて暇さえあれば毛穴の角栓を押し出したり,sometimes
85,8,顔をいじる,周りの友達は可愛いし、男子には[PET_BOUNDARY]顔をいじられる[PET_BOUNDARY]。とりあえず、整形して生きてみようと思いました。,顔をいじられる,0,周りの友達は可愛いし、男子には顔をいじられる。とりあえず、整形して生きてみようと思いました。,sometimes
86,8,顔をいじる,いだったが、意外に中高年層やカップルにも人気が広がっている。同社編集部は「自分の[PET_BOUNDARY]顔をいじる[PET_BOUNDARY]抵抗感が薄れてきた。実際に整形するかどうかはともかく、違う自分を見てみたいと思,顔をいじる,1,いだったが、意外に中高年層やカップルにも人気が広がっている。同社編集部は「自分の顔をいじる抵抗感が薄れてきた。実際に整形するかどうかはともかく、違う自分を見てみたいと思,sometimes
87,8,顔をいじる,10代の頃に顔がむくんで見える写真が1枚あるだけで、みんな私が[PET_BOUNDARY]顔をいじり[PET_BOUNDARY]まくったって思ってるの。あなただって13歳の頃と今は同じ顔じゃないでしょ？,顔をいじり,1,10代の頃に顔がむくんで見える写真が1枚あるだけで、みんな私が顔をいじりまくったって思ってるの。あなただって13歳の頃と今は同じ顔じゃないでしょ？,sometimes
88,8,顔をいじる,輪郭をいじる前にあまり[PET_BOUNDARY]顔をいじらない[PET_BOUNDARY]方が良いと思うのですが、ハイフとかもやめた方がいいですか？,顔をいじらない,1,輪郭をいじる前にあまり顔をいじらない方が良いと思うのですが、ハイフとかもやめた方がいいですか？,sometimes
89,8,顔をいじる,菊地姫奈さんキレイになりましたね。[PET_BOUNDARY]顔をいじりました[PET_BOUNDARY]？普通にメイクを変えたならどんな風に変えたんでしょうか？,顔をいじりました,1,菊地姫奈さんキレイになりましたね。顔をいじりました？普通にメイクを変えたならどんな風に変えたんでしょうか？,sometimes
90,8,顔をいじる,K POPアイドルで[PET_BOUNDARY]顔をいじってない[PET_BOUNDARY]人っているんですか？みんな少なくともどこかしら整形してますか？,顔をいじってない,1,K POPアイドルで顔をいじってない人っているんですか？みんな少なくともどこかしら整形してますか？,sometimes
91,8,顔をいじる,親はコンプレックスだからなんだ、[PET_BOUNDARY]顔をいじるな[PET_BOUNDARY]、勉強しろと言うだけです,顔をいじるな,1,親はコンプレックスだからなんだ、顔をいじるな、勉強しろと言うだけです,sometimes
92,8,顔をいじる,整形している方に質問です。「[PET_BOUNDARY]顔をいじってる[PET_BOUNDARY]？」と人に聞かれたら何と答えますか？私は人に聞かれたのですが、何も答えれませんでした。,顔をいじってる,1,整形している方に質問です。「顔をいじってる？」と人に聞かれたら何と答えますか？私は人に聞かれたのですが、何も答えれませんでした。,sometimes
260,20,女の子の日,[PET_BOUNDARY]女の子の日に[PET_BOUNDARY]出てくるるものは、血じゃないと習った気がするのですが、血との違いを教えてくださ,女の子の日に,1,女の子の日に出てくるるものは、血じゃないと習った気がするのですが、血との違いを教えてくださ,sometimes
261,20,女の子の日,[PET_BOUNDARY]女の子の日が[PET_BOUNDARY]始まるとお腹の痛みだけでなく気分も沈みやすくなるので、無理をしないようにしています。,女の子の日が,1,女の子の日が始まるとお腹の痛みだけでなく気分も沈みやすくなるので、無理をしないようにしています。,sometimes
262,20,女の子の日,友達との旅行がちょうど[PET_BOUNDARY]女の子の日と[PET_BOUNDARY]重なってしまい、思うように楽しめなかったことがあります。,女の子の日と,1,友達との旅行がちょうど女の子の日と重なってしまい、思うように楽しめなかったことがあります。,sometimes
263,20,女の子の日,[PET_BOUNDARY]女の子の日は[PET_BOUNDARY]体がだるくて頭痛もひどくなるため、仕事の予定を調整することが多いです。,女の子の日は,1,女の子の日は体がだるくて頭痛もひどくなるため、仕事の予定を調整することが多いです。,sometimes
264,20,女の子の日,彼女は[PET_BOUNDARY]女の子の日に[PET_BOUNDARY]なると食欲が増して甘いものばかり食べたくなると笑って話していました。,女の子の日に,1,彼女は女の子の日になると食欲が増して甘いものばかり食べたくなると笑って話していました。,sometimes
265,20,女の子の日,[PET_BOUNDARY]女の子の日が[PET_BOUNDARY]遅れると少し不安になり、体調の変化にとても敏感になってしまいます。,女の子の日が,1,女の子の日が遅れると少し不安になり、体調の変化にとても敏感になってしまいます。,sometimes
266,20,女の子の日,[PET_BOUNDARY]女の子の日は[PET_BOUNDARY]普段よりも体が冷えやすくなるので、温かい飲み物を意識して摂るようにしています。,女の子の日は,1,女の子の日は普段よりも体が冷えやすくなるので、温かい飲み物を意識して摂るようにしています。,sometimes
267,20,女の子の日,運動を習慣にしてから[PET_BOUNDARY]女の子の日の[PET_BOUNDARY]不調が少し和らいだ気がして、続ける励みになっています。,女の子の日の,1,運動を習慣にしてから女の子の日の不調が少し和らいだ気がして、続ける励みになっています。,sometimes
268,20,女の子の日,[PET_BOUNDARY]女の子の日に[PET_BOUNDARY]なると肌の調子まで崩れてしまうので、スキンケアに時間をかけるようになりました。,女の子の日に,1,女の子の日になると肌の調子まで崩れてしまうので、スキンケアに時間をかけるようになりました。,sometimes
269,20,女の子の日,彼女は[PET_BOUNDARY]女の子の日の[PET_BOUNDARY]痛みが強すぎて学校を休むことがあり、周囲も理解を示していました。,女の子の日の,1,彼女は女の子の日の痛みが強すぎて学校を休むことがあり、周囲も理解を示していました。,sometimes
270,20,女の子の日,大事な試験の日と[PET_BOUNDARY]女の子の日が[PET_BOUNDARY]重なってしまい、集中力が続かず苦労したことがあります。,女の子の日が,1,大事な試験の日と女の子の日が重なってしまい、集中力が続かず苦労したことがあります。,sometimes
271,20,女の子の日,でしょぉ。。今晩は、散らし寿司・ひな祭りケーキ・雛あられを食べるよぉ。。今日は、[PET_BOUNDARY]女の子の日だよぉ[PET_BOUNDARY]♫♪↑は、ＺＥＮＫＩしゃん作,女の子の日だよぉ,0,でしょぉ。。今晩は、散らし寿司・ひな祭りケーキ・雛あられを食べるよぉ。。今日は、女の子の日だよぉ♫♪↑は、ＺＥＮＫＩしゃん作,sometimes
272,20,女の子の日,たのは、平和な世の中が続いたからともいえます。 そうした歴史に思いをはせながら、[PET_BOUNDARY]女の子の日を[PET_BOUNDARY]祝いたいものです。ふじた・じゅんこ戦災で焼けたひな人形と、両親の思い出への思慕,女の子の日を,0,たのは、平和な世の中が続いたからともいえます。 そうした歴史に思いをはせながら、女の子の日を祝いたいものです。ふじた・じゅんこ戦災で焼けたひな人形と、両親の思い出への思慕,sometimes
273,20,女の子の日,今日は三月三日。[PET_BOUNDARY]女の子の日でした[PET_BOUNDARY]＾＾。兄貴の誕生日でもありましてま、おめでとう！兄ちゃん。お嫁さん・・・今,女の子の日でした,0,今日は三月三日。女の子の日でした＾＾。兄貴の誕生日でもありましてま、おめでとう！兄ちゃん。お嫁さん・・・今,sometimes
274,20,女の子の日,にふりかかる災難の身代わりになってくれるようにと願いながら、川や海に流しました。[PET_BOUNDARY]女の子の日は[PET_BOUNDARY]、ひいな遊びと桃の節句が結びついたものだと考えられています。江戸時代中期からは,女の子の日は,0,にふりかかる災難の身代わりになってくれるようにと願いながら、川や海に流しました。女の子の日は、ひいな遊びと桃の節句が結びついたものだと考えられています。江戸時代中期からは,sometimes
275,20,女の子の日,ひな祭りの料理」焼き魚・干切りダイコンのみそ汁・ダイコンなます・煮物・赤飯などの[PET_BOUNDARY]女の子の日の[PET_BOUNDARY]料理です。（田中本家博物館）ひな祭りのお菓子三色白玉ひな祭りのひし餅の色にあわ,女の子の日の,0,ひな祭りの料理」焼き魚・干切りダイコンのみそ汁・ダイコンなます・煮物・赤飯などの女の子の日の料理です。（田中本家博物館）ひな祭りのお菓子三色白玉ひな祭りのひし餅の色にあわ,sometimes
276,20,女の子の日,えものをし、子どもの幸せを祈るひな祭りは、日本だけにある優雅で奥の深い行事です。[PET_BOUNDARY]女の子の日の[PET_BOUNDARY]長い歴史は人々が子どもを愛してきた歴史でもあり、江戸時代に盛んになったのは、平,女の子の日の,0,えものをし、子どもの幸せを祈るひな祭りは、日本だけにある優雅で奥の深い行事です。女の子の日の長い歴史は人々が子どもを愛してきた歴史でもあり、江戸時代に盛んになったのは、平,sometimes
277,20,女の子の日,３月３日[PET_BOUNDARY]女の子の日で[PET_BOUNDARY]ケーキをこのケーキクリームがおいしいのとケーキの形もきれいですねイチゴとクリー,女の子の日で,0,３月３日女の子の日でケーキをこのケーキクリームがおいしいのとケーキの形もきれいですねイチゴとクリー,sometimes
278,20,女の子の日,て、孫の成長を祈り、２月の初めから飾ってありました。ママのお誕生日と重なり楽しい[PET_BOUNDARY]女の子の日でした[PET_BOUNDARY]。美味しいかやく寿司をママが作って待ってくれていました。ありがとう。家族全,女の子の日でした,0,て、孫の成長を祈り、２月の初めから飾ってありました。ママのお誕生日と重なり楽しい女の子の日でした。美味しいかやく寿司をママが作って待ってくれていました。ありがとう。家族全,sometimes
279,20,女の子の日,でした。 それは多分、先生が入学した頃には、すでに人形は箱にしまわれ、三月三日の[PET_BOUNDARY]女の子の日の[PET_BOUNDARY]日だけ、おひな様と一緒に飾られるようになっていたからでしょう。 そして、残念な,女の子の日の,0,でした。 それは多分、先生が入学した頃には、すでに人形は箱にしまわれ、三月三日の女の子の日の日だけ、おひな様と一緒に飾られるようになっていたからでしょう。 そして、残念な,sometimes
280,20,女の子の日,頃口にできない滋養のあるものを食べることのできる数少ない重要な日でした。 さて、[PET_BOUNDARY]女の子の日に[PET_BOUNDARY]あたる３月３日ですが、中国には、この日、水辺で身体を清め、災いを祓う風習があり,女の子の日に,0,頃口にできない滋養のあるものを食べることのできる数少ない重要な日でした。 さて、女の子の日にあたる３月３日ですが、中国には、この日、水辺で身体を清め、災いを祓う風習があり,sometimes
281,20,女の子の日,食 『ちらし寿司』『サラダ』『フライ３種』『日本酒』『つまみ』『団子２個』今日は[PET_BOUNDARY]女の子の日と[PET_BOUNDARY]いうことで団子を２個食べました。ひなあられが嫌いなうちの娘も喜んで食べていまし,女の子の日と,0,食 『ちらし寿司』『サラダ』『フライ３種』『日本酒』『つまみ』『団子２個』今日は女の子の日ということで団子を２個食べました。ひなあられが嫌いなうちの娘も喜んで食べていまし,sometimes
282,20,女の子の日,のお陰でイギリスの文化に触れることができ、楽しい一日になりました。それともうすぐ[PET_BOUNDARY]女の子の日なので[PET_BOUNDARY]、お雛様とお内裏様を作りましたよ〜子供達も作れるようにと色々と考えて、上の,女の子の日なので,0,のお陰でイギリスの文化に触れることができ、楽しい一日になりました。それともうすぐ女の子の日なので、お雛様とお内裏様を作りましたよ〜子供達も作れるようにと色々と考えて、上の,sometimes
283,20,女の子の日,、↓去年、Ｄちゃんが、幼稚園年長さんの時につくった作品です♫♪今日は、３月３日「[PET_BOUNDARY]女の子の日[PET_BOUNDARY]」ですねｄ（ゝＣ＿・ｏ）йё☆Ｄちゃんは、男の子とだから、家には、兜がありますが,女の子の日,0,、↓去年、Ｄちゃんが、幼稚園年長さんの時につくった作品です♫♪今日は、３月３日「女の子の日」ですねｄ（ゝＣ＿・ｏ）йё☆Ｄちゃんは、男の子とだから、家には、兜がありますが,sometimes
284,21,デリケートゾーン,夏は汗をかきやすく、[PET_BOUNDARY]デリケートゾーンの[PET_BOUNDARY]ムレやかゆみが気になることがあります。,デリケートゾーンの,1,夏は汗をかきやすく、デリケートゾーンのムレやかゆみが気になることがあります。,sometimes
285,21,デリケートゾーン,産婦人科の先生から、[PET_BOUNDARY]デリケートゾーンは[PET_BOUNDARY]強い石けんで洗いすぎないようにと言われました。,デリケートゾーンは,1,産婦人科の先生から、デリケートゾーンは強い石けんで洗いすぎないようにと言われました。,sometimes
286,21,デリケートゾーン,敏感肌用のボディケアと同じように、[PET_BOUNDARY]デリケートゾーン[PET_BOUNDARY]専用のケア商品も使う人が増えています。,デリケートゾーン,1,敏感肌用のボディケアと同じように、デリケートゾーン専用のケア商品も使う人が増えています。,sometimes
287,21,デリケートゾーン,長時間のフライトでは、[PET_BOUNDARY]デリケートゾーンが[PET_BOUNDARY]不快にならないように服装にも気をつけています。,デリケートゾーンが,1,長時間のフライトでは、デリケートゾーンが不快にならないように服装にも気をつけています。,sometimes
288,21,デリケートゾーン,月のものの時期は特に、[PET_BOUNDARY]デリケートゾーンを[PET_BOUNDARY]清潔に保つことが大切だと感じます。,デリケートゾーンを,1,月のものの時期は特に、デリケートゾーンを清潔に保つことが大切だと感じます。,sometimes
289,21,デリケートゾーン,最近の研究では、[PET_BOUNDARY]デリケートゾーンの[PET_BOUNDARY]健康状態が全身のコンディションにも影響することがわかってきました。,デリケートゾーンの,1,最近の研究では、デリケートゾーンの健康状態が全身のコンディションにも影響することがわかってきました。,sometimes
290,21,デリケートゾーン,出産後しばらくは、[PET_BOUNDARY]デリケートゾーンの[PET_BOUNDARY]回復が気になり、無理をしないようにしていました。,デリケートゾーンの,1,出産後しばらくは、デリケートゾーンの回復が気になり、無理をしないようにしていました。,sometimes
291,21,デリケートゾーン,温泉に入る前に、[PET_BOUNDARY]デリケートゾーンを[PET_BOUNDARY]しっかり洗ってから湯船に浸かるようにしています。,デリケートゾーンを,1,温泉に入る前に、デリケートゾーンをしっかり洗ってから湯船に浸かるようにしています。,sometimes
292,21,デリケートゾーン,友達と話していて、[PET_BOUNDARY]デリケートゾーンの[PET_BOUNDARY]悩みはなかなか相談しにくいという話題になりました。,デリケートゾーンの,1,友達と話していて、デリケートゾーンの悩みはなかなか相談しにくいという話題になりました。,sometimes
293,21,デリケートゾーン,婦人科の検診では、[PET_BOUNDARY]デリケートゾーンの[PET_BOUNDARY]チェックも欠かさず行われています。,デリケートゾーンの,1,婦人科の検診では、デリケートゾーンのチェックも欠かさず行われています。,sometimes
294,21,デリケートゾーン,ここは山崩れが起きやすい[PET_BOUNDARY]デリケートゾーンなので[PET_BOUNDARY]、立ち入りは禁止されています。,デリケートゾーンなので,0,ここは山崩れが起きやすいデリケートゾーンなので、立ち入りは禁止されています。,sometimes
295,21,デリケートゾーン,国際関係においては、宗教の問題は[PET_BOUNDARY]デリケートゾーンに[PET_BOUNDARY]触れる議題になりやすいです。,デリケートゾーンに,0,国際関係においては、宗教の問題はデリケートゾーンに触れる議題になりやすいです。,sometimes
296,21,デリケートゾーン,この機械は高電圧部分が[PET_BOUNDARY]デリケートゾーンに[PET_BOUNDARY]当たるので、慎重な取り扱いが必要です。,デリケートゾーンに,0,この機械は高電圧部分がデリケートゾーンに当たるので、慎重な取り扱いが必要です。,sometimes
297,21,デリケートゾーン,職場の人間関係において、評価や給与の話題は[PET_BOUNDARY]デリケートゾーンと[PET_BOUNDARY]言えるでしょう。,デリケートゾーンと,0,職場の人間関係において、評価や給与の話題はデリケートゾーンと言えるでしょう。,sometimes
298,21,デリケートゾーン,経済政策の中でも年金制度は特に[PET_BOUNDARY]デリケートゾーンに[PET_BOUNDARY]分類されるテーマです。,デリケートゾーンに,0,経済政策の中でも年金制度は特にデリケートゾーンに分類されるテーマです。,sometimes
299,21,デリケートゾーン,環境保護の観点から、この湿地帯は[PET_BOUNDARY]デリケートゾーンと[PET_BOUNDARY]して守られています。,デリケートゾーンと,0,環境保護の観点から、この湿地帯はデリケートゾーンとして守られています。,sometimes
300,21,デリケートゾーン,芸能人の私生活については、マスコミにとって[PET_BOUNDARY]デリケートゾーンと[PET_BOUNDARY]なる質問が多いです。,デリケートゾーンと,0,芸能人の私生活については、マスコミにとってデリケートゾーンとなる質問が多いです。,sometimes
301,21,デリケートゾーン,子どもとの会話で離婚の話題は[PET_BOUNDARY]デリケートゾーンなので[PET_BOUNDARY]、慎重に言葉を選ぶ必要があります。,デリケートゾーンなので,0,子どもとの会話で離婚の話題はデリケートゾーンなので、慎重に言葉を選ぶ必要があります。,sometimes
302,21,デリケートゾーン,災害復旧工事では地盤の弱い場所が[PET_BOUNDARY]デリケートゾーンに[PET_BOUNDARY]指定されます。,デリケートゾーンに,0,災害復旧工事では地盤の弱い場所がデリケートゾーンに指定されます。,sometimes
303,21,デリケートゾーン,人工知能の倫理の話題は研究者にとって[PET_BOUNDARY]デリケートゾーンに[PET_BOUNDARY]なりやすいと感じます。,デリケートゾーンに,0,人工知能の倫理の話題は研究者にとってデリケートゾーンになりやすいと感じます。,sometimes
324,23,一緒に寝る,もう分ったよ。でも、オレ、ほんとのことを言ってるんだ。女を買って、…要するに女と[PET_BOUNDARY]一緒に寝るんだよ[PET_BOUNDARY]…」 その時であった。私は後ろから誰かに強く押され、その圧力がまた黒川を押,一緒に寝るんだよ,1,もう分ったよ。でも、オレ、ほんとのことを言ってるんだ。女を買って、…要するに女と一緒に寝るんだよ…」 その時であった。私は後ろから誰かに強く押され、その圧力がまた黒川を押,sometimes
325,23,一緒に寝る,時に『○○（私の事）に呼ばれたらすぐ行くよ』とか、『いつでも泊まりに来ていいよ、[PET_BOUNDARY]一緒に寝るから[PET_BOUNDARY]＾＾』とか、まぁ冗談っぽく言う男の心理ってどんな感じなんですか？私も彼も恋人,一緒に寝るから,1,時に『○○（私の事）に呼ばれたらすぐ行くよ』とか、『いつでも泊まりに来ていいよ、一緒に寝るから＾＾』とか、まぁ冗談っぽく言う男の心理ってどんな感じなんですか？私も彼も恋人,sometimes
326,23,一緒に寝る,ったメキシコ女がにやにや笑った。 「いやなら、そこに寝なくていいんだよ。あたしと[PET_BOUNDARY]一緒に寝るかい[PET_BOUNDARY]、おねえちゃん」 トレイシーはこの監房の中によどんでいる底意に気がつくと、慄,一緒に寝るかい,1,ったメキシコ女がにやにや笑った。 「いやなら、そこに寝なくていいんだよ。あたしと一緒に寝るかい、おねえちゃん」 トレイシーはこの監房の中によどんでいる底意に気がつくと、慄,sometimes
327,23,一緒に寝る,部屋はうす暗かった。 忍がベッドに横になっているのはどうにかわかる。 初めて忍と[PET_BOUNDARY]一緒に寝るのだ[PET_BOUNDARY]―。 忍はどんな格好をして寝てるのだろう…。 松前の心臓は高鳴った。 俺が来,一緒に寝るのだ,1,部屋はうす暗かった。 忍がベッドに横になっているのはどうにかわかる。 初めて忍と一緒に寝るのだ―。 忍はどんな格好をして寝てるのだろう…。 松前の心臓は高鳴った。 俺が来,sometimes
328,23,一緒に寝る,誘わずに彼をその気にさせたいのですが、よい方法は無いでしょうか？泊まるってことは[PET_BOUNDARY]一緒に寝るって[PET_BOUNDARY]事でしょ！だから絶対彼は迫ってきますよ。安心しなさいなー。彼女に体を求めたく,一緒に寝るって,1,誘わずに彼をその気にさせたいのですが、よい方法は無いでしょうか？泊まるってことは一緒に寝るって事でしょ！だから絶対彼は迫ってきますよ。安心しなさいなー。彼女に体を求めたく,sometimes
329,23,一緒に寝る,男と女が、「[PET_BOUNDARY]一緒に寝る[PET_BOUNDARY]」って言ったら、やっぱあの行為ですか？ただ本当に一緒に横になって寝ただけかも知れ,一緒に寝る,1,男と女が、「一緒に寝る」って言ったら、やっぱあの行為ですか？ただ本当に一緒に横になって寝ただけかも知れ,sometimes
330,23,一緒に寝る,えている。もちろん彼にだって思い出くらいあるでしょうよ。だからといって、彼が女と[PET_BOUNDARY]一緒に寝る[PET_BOUNDARY]どういうさまたげになるというの。笑っちゃうわ。そんなの、わたしはひとことだって信,一緒に寝る,1,えている。もちろん彼にだって思い出くらいあるでしょうよ。だからといって、彼が女と一緒に寝るどういうさまたげになるというの。笑っちゃうわ。そんなの、わたしはひとことだって信,sometimes
331,23,一緒に寝る,昨日の夜は彼と映画を見終わったあと、自然な流れで[PET_BOUNDARY]一緒に寝る[PET_BOUNDARY]ことになり、気がつけば朝まで腕枕をしてくれていた。,一緒に寝る,1,昨日の夜は彼と映画を見終わったあと、自然な流れで一緒に寝ることになり、気がつけば朝まで腕枕をしてくれていた。,sometimes
332,23,一緒に寝る,長い間片想いしていた彼女とやっと気持ちが通じ合って、その日の夜は[PET_BOUNDARY]一緒に寝る[PET_BOUNDARY]ことになったのは忘れられない思い出だ。,一緒に寝る,1,長い間片想いしていた彼女とやっと気持ちが通じ合って、その日の夜は一緒に寝ることになったのは忘れられない思い出だ。,sometimes
333,23,一緒に寝る,喧嘩してしばらく距離を置いていたけれど、仲直りのきっかけになったのは久しぶりに[PET_BOUNDARY]一緒に寝る[PET_BOUNDARY]時間を過ごした夜だった。,一緒に寝る,1,喧嘩してしばらく距離を置いていたけれど、仲直りのきっかけになったのは久しぶりに一緒に寝る時間を過ごした夜だった。,sometimes
334,23,一緒に寝る,旅行中に同じ部屋で過ごして、最初は緊張したけれど、結局は自然に[PET_BOUNDARY]一緒に寝る[PET_BOUNDARY]ことになって、さらに距離が縮まった気がした。,一緒に寝る,1,旅行中に同じ部屋で過ごして、最初は緊張したけれど、結局は自然に一緒に寝ることになって、さらに距離が縮まった気がした。,sometimes
335,23,一緒に寝る,彼が「今日は帰りたくない」と言ったので、私の部屋で夕飯を食べ、そのまま[PET_BOUNDARY]一緒に寝る[PET_BOUNDARY]ことになった。,一緒に寝る,1,彼が「今日は帰りたくない」と言ったので、私の部屋で夕飯を食べ、そのまま一緒に寝ることになった。,sometimes
336,23,一緒に寝る,告白して返事をもらった夜、特別な気持ちのまま[PET_BOUNDARY]一緒に寝る[PET_BOUNDARY]ことになり、二人の関係が一気に深まった。,一緒に寝る,1,告白して返事をもらった夜、特別な気持ちのまま一緒に寝ることになり、二人の関係が一気に深まった。,sometimes
337,23,一緒に寝る,記念日のお祝いで泊まった旅館では、美味しい食事を楽しんだあと、畳の上で布団を並べて[PET_BOUNDARY]一緒に寝ると[PET_BOUNDARY]いう和風な体験をした。,一緒に寝ると,1,記念日のお祝いで泊まった旅館では、美味しい食事を楽しんだあと、畳の上で布団を並べて一緒に寝るという和風な体験をした。,sometimes
338,23,一緒に寝る,ずっと友達だと思っていた彼と、お酒に酔った勢いで[PET_BOUNDARY]一緒に寝る[PET_BOUNDARY]ことになり、翌朝から気まずくも新しい関係が始まった。,一緒に寝る,1,ずっと友達だと思っていた彼と、お酒に酔った勢いで一緒に寝ることになり、翌朝から気まずくも新しい関係が始まった。,sometimes
339,23,一緒に寝る,彼女の親が旅行で留守にしていたので、初めて彼女の家で[PET_BOUNDARY]一緒に寝る[PET_BOUNDARY]ことになり、二人だけの時間を思い切り楽しめた。,一緒に寝る,1,彼女の親が旅行で留守にしていたので、初めて彼女の家で一緒に寝ることになり、二人だけの時間を思い切り楽しめた。,sometimes
340,23,一緒に寝る,遠距離恋愛でなかなか会えなかったけれど、久しぶりに会えたときは嬉しさが募って、その夜はホテルで[PET_BOUNDARY]一緒に寝る[PET_BOUNDARY]ことになった。,一緒に寝る,1,遠距離恋愛でなかなか会えなかったけれど、久しぶりに会えたときは嬉しさが募って、その夜はホテルで一緒に寝ることになった。,sometimes
341,23,一緒に寝る,２９歳女性です。[PET_BOUNDARY]一緒に寝ると[PET_BOUNDARY]彼氏にいつも呼吸が止まってるといわれます。睡眠時無呼吸症候群では？と言われます,一緒に寝ると,1,２９歳女性です。一緒に寝ると彼氏にいつも呼吸が止まってるといわれます。睡眠時無呼吸症候群では？と言われます,sometimes
342,23,一緒に寝る,です。 キャンプといっても、テントを張るのではなく、バンガローみたいなところで、[PET_BOUNDARY]一緒に寝る[PET_BOUNDARY]スペースがあればいいと思っています。 そこに食事がついていれば、尚可です。（親御,一緒に寝る,0,です。 キャンプといっても、テントを張るのではなく、バンガローみたいなところで、一緒に寝るスペースがあればいいと思っています。 そこに食事がついていれば、尚可です。（親御,sometimes
343,23,一緒に寝る,度と欠伸を連発した。 「寝ろよ。押入れに蒲団があるから。自分で敷けるだろう」 「[PET_BOUNDARY]一緒に寝るのなら[PET_BOUNDARY]、あなたにやって貰うのだけど、わたし一人で寝るのだから、自分で敷くわ。ねえ,一緒に寝るのなら,0,度と欠伸を連発した。 「寝ろよ。押入れに蒲団があるから。自分で敷けるだろう」 「一緒に寝るのなら、あなたにやって貰うのだけど、わたし一人で寝るのだから、自分で敷くわ。ねえ,sometimes
344,23,一緒に寝る,たの。あたし達はいつも一緒だった。夕食を作るのもあたし、寝かしつけるのもあたし、[PET_BOUNDARY]一緒に寝る[PET_BOUNDARY]こともしょっちゅうだった。妹はうなされることが多くて。無理もないわよね。 「まわ,一緒に寝る,0,たの。あたし達はいつも一緒だった。夕食を作るのもあたし、寝かしつけるのもあたし、一緒に寝ることもしょっちゅうだった。妹はうなされることが多くて。無理もないわよね。 「まわ,sometimes
345,23,一緒に寝る,間は我慢します。家に帰ってからじゃないとリラックスできないと思うしね！お子さんも[PET_BOUNDARY]一緒に寝る[PET_BOUNDARY]ことを喜んでいるのなら自分の子の為だ！と思って我慢してあげてはどうでしょう！？例,一緒に寝る,0,間は我慢します。家に帰ってからじゃないとリラックスできないと思うしね！お子さんも一緒に寝ることを喜んでいるのなら自分の子の為だ！と思って我慢してあげてはどうでしょう！？例,sometimes
346,23,一緒に寝る,っているヘアレス犬の紹介がありました。体温が高めでアレルギーの子どもも大丈夫で、[PET_BOUNDARY]一緒に寝ると[PET_BOUNDARY]なにやら効果があってアレルギー症状が緩和するらしいとのこと。我が家のチワワは毛,一緒に寝ると,0,っているヘアレス犬の紹介がありました。体温が高めでアレルギーの子どもも大丈夫で、一緒に寝るとなにやら効果があってアレルギー症状が緩和するらしいとのこと。我が家のチワワは毛,sometimes
347,23,一緒に寝る,した。子猫達がまとまって寝ています。おや、エレンの横にはキリが！さすがに寒いから[PET_BOUNDARY]一緒に寝るのね[PET_BOUNDARY]。かわゆいね〜。大人猫達のお気に入りは、脱衣カゴの中。窓と玄関の中間にあるせ,一緒に寝るのね,0,した。子猫達がまとまって寝ています。おや、エレンの横にはキリが！さすがに寒いから一緒に寝るのね。かわゆいね〜。大人猫達のお気に入りは、脱衣カゴの中。窓と玄関の中間にあるせ,sometimes
348,23,一緒に寝る,部屋は１６帖のリビングのほかには１０帖の寝室しかなく、子供が生まれたら旦那も含め[PET_BOUNDARY]一緒に寝るしか[PET_BOUNDARY]ない間取りです。まだ生まれていないので状況がわからないのですが働く旦那にとっ,一緒に寝るしか,0,部屋は１６帖のリビングのほかには１０帖の寝室しかなく、子供が生まれたら旦那も含め一緒に寝るしかない間取りです。まだ生まれていないので状況がわからないのですが働く旦那にとっ,sometimes
349,23,一緒に寝る,。宿泊はさまざま。年齢より実情に合わせてくれるところが多い。食事なし、お母さんと[PET_BOUNDARY]一緒に寝るなら[PET_BOUNDARY]無料。寝具だけ別料金でお願いすることもできる。子ども用の食事と寝具で子ども料,一緒に寝るなら,0,。宿泊はさまざま。年齢より実情に合わせてくれるところが多い。食事なし、お母さんと一緒に寝るなら無料。寝具だけ別料金でお願いすることもできる。子ども用の食事と寝具で子ども料,sometimes
350,23,一緒に寝る,もし結婚する人がいびきとかかく人やったら絶対寝室は別にしないと無理。ていうか人と[PET_BOUNDARY]一緒に寝るのって[PET_BOUNDARY]難しい。よう寝やん。なんでみんなあんなすっと寝れるん？はー、毎日７時間くら,一緒に寝るのって,0,もし結婚する人がいびきとかかく人やったら絶対寝室は別にしないと無理。ていうか人と一緒に寝るのって難しい。よう寝やん。なんでみんなあんなすっと寝れるん？はー、毎日７時間くら,sometimes
351,23,一緒に寝る,さいので可愛くて仕方ないようです。嬉しい反面・・私たちが寝る部屋までついて来て「[PET_BOUNDARY]一緒に寝る[PET_BOUNDARY]！」と言って聞きません。おばあちゃん達も「一緒に寝てやってね♪」って感じです。（,一緒に寝る,0,さいので可愛くて仕方ないようです。嬉しい反面・・私たちが寝る部屋までついて来て「一緒に寝る！」と言って聞きません。おばあちゃん達も「一緒に寝てやってね♪」って感じです。（,sometimes
352,23,一緒に寝る,さいので可愛くて仕方ないようです。嬉しい反面・・私たちが寝る部屋までついて来て「一緒に寝る！」と言って聞きません。おばあちゃん達も「[PET_BOUNDARY]一緒に寝て[PET_BOUNDARY]やってね♪」って感じです。（,一緒に寝て,0,さいので可愛くて仕方ないようです。嬉しい反面・・私たちが寝る部屋までついて来て「一緒に寝る！」と言って聞きません。おばあちゃん達も「一緒に寝てやってね♪」って感じです。（,sometimes
409,27,できちゃった,まだ結婚の予定は全然立てていなかったのに、気づいたら[PET_BOUNDARY]できちゃったと[PET_BOUNDARY]いうことになって、家族に驚かれてしまいました。,できちゃったと,1,まだ結婚の予定は全然立てていなかったのに、気づいたらできちゃったということになって、家族に驚かれてしまいました。,sometimes
410,27,できちゃった,学生時代から付き合っていた二人が、実は[PET_BOUNDARY]できちゃったのが[PET_BOUNDARY]きっかけで結婚を決めたと聞いてびっくりしました。,できちゃったのが,1,学生時代から付き合っていた二人が、実はできちゃったのがきっかけで結婚を決めたと聞いてびっくりしました。,sometimes
411,27,できちゃった,彼女はまだ社会人になったばかりで、いろいろ準備が整っていなかったのに[PET_BOUNDARY]できちゃったと[PET_BOUNDARY]わかって、最初はとても戸惑っていました。,できちゃったと,1,彼女はまだ社会人になったばかりで、いろいろ準備が整っていなかったのにできちゃったとわかって、最初はとても戸惑っていました。,sometimes
412,27,できちゃった,結婚式の前に[PET_BOUNDARY]できちゃったと[PET_BOUNDARY]友達から打ち明けられて、秘密を共有できることに嬉しさも感じました。,できちゃったと,1,結婚式の前にできちゃったと友達から打ち明けられて、秘密を共有できることに嬉しさも感じました。,sometimes
413,27,できちゃった,二人の交際はそこまで長くなかったのですが、[PET_BOUNDARY]できちゃった[PET_BOUNDARY]ことで結婚を真剣に考えるようになったそうです。,できちゃった,1,二人の交際はそこまで長くなかったのですが、できちゃったことで結婚を真剣に考えるようになったそうです。,sometimes
414,27,できちゃった,予想外のタイミングで[PET_BOUNDARY]できちゃったと[PET_BOUNDARY]知って、最初は不安だったけれど今では楽しみに変わってきました。,できちゃったと,1,予想外のタイミングでできちゃったと知って、最初は不安だったけれど今では楽しみに変わってきました。,sometimes
415,27,できちゃった,彼女の親にどう切り出すか悩んでいたら、先に[PET_BOUNDARY]できちゃった[PET_BOUNDARY]ことを知られてしまい、大慌てだったそうです。,できちゃった,1,彼女の親にどう切り出すか悩んでいたら、先にできちゃったことを知られてしまい、大慌てだったそうです。,sometimes
416,27,できちゃった,職場の同僚が突然退職すると聞いて理由を尋ねたら、実は[PET_BOUNDARY]できちゃったからだと[PET_BOUNDARY]打ち明けられて納得しました。,できちゃったからだと,1,職場の同僚が突然退職すると聞いて理由を尋ねたら、実はできちゃったからだと打ち明けられて納得しました。,sometimes
417,27,できちゃった,二人とも自由に過ごしたいと思っていた矢先に[PET_BOUNDARY]できちゃったと[PET_BOUNDARY]いうことになり、生活の計画を大きく見直すことになりました。,できちゃったと,1,二人とも自由に過ごしたいと思っていた矢先にできちゃったということになり、生活の計画を大きく見直すことになりました。,sometimes
418,27,できちゃった,長年の友達から「実は[PET_BOUNDARY]できちゃったの[PET_BOUNDARY]」と告げられて、驚きつつも心から祝福しました。,できちゃったの,1,長年の友達から「実はできちゃったの」と告げられて、驚きつつも心から祝福しました。,sometimes
419,27,できちゃった,その中のひとりの方が言っていた言葉がある。 「わたしね、会のおかげでいい友だちが[PET_BOUNDARY]できちゃった[PET_BOUNDARY]。わたしが着ていた服のことで、その方とお話することができたの。名刺交換したら、さ,できちゃった,0,その中のひとりの方が言っていた言葉がある。 「わたしね、会のおかげでいい友だちができちゃった。わたしが着ていた服のことで、その方とお話することができたの。名刺交換したら、さ,sometimes
420,27,できちゃった,で納得してやってるという。だから、作品ができたときの感じっていうのは“こんな曲が[PET_BOUNDARY]できちゃったよ[PET_BOUNDARY]”っていう感じで。もちろん自分の内側から出てきてるものですけれども、何かの反応,できちゃったよ,0,で納得してやってるという。だから、作品ができたときの感じっていうのは“こんな曲ができちゃったよ”っていう感じで。もちろん自分の内側から出てきてるものですけれども、何かの反応,sometimes
421,27,できちゃった,だけなんてもったいないってすごく思う。このまま友達やってるうちに向こうに好きな人[PET_BOUNDARY]できちゃったり[PET_BOUNDARY]したら、悔しいですよっ。頑張って！！,できちゃったり,0,だけなんてもったいないってすごく思う。このまま友達やってるうちに向こうに好きな人できちゃったりしたら、悔しいですよっ。頑張って！！,sometimes
422,27,できちゃった,ん。おばさんは裕太くんのお母さんの友だちなのよ。裕太くんのお母さんねえ、急に用が[PET_BOUNDARY]できちゃったんだって[PET_BOUNDARY]。だからちょっとの間、おばちゃんのところに預かってちょうだいって頼まれち,できちゃったんだって,0,ん。おばさんは裕太くんのお母さんの友だちなのよ。裕太くんのお母さんねえ、急に用ができちゃったんだって。だからちょっとの間、おばちゃんのところに預かってちょうだいって頼まれち,sometimes
423,27,できちゃった,エル・ギャラが日本に一週間滞在したといっていました。１週間だけで、あの映画は撮影[PET_BOUNDARY]できちゃったんでしょうか[PET_BOUNDARY]？それとも、後はハリウッド内で、、、ということかな。。。早撮りの監督,できちゃったんでしょうか,0,エル・ギャラが日本に一週間滞在したといっていました。１週間だけで、あの映画は撮影できちゃったんでしょうか？それとも、後はハリウッド内で、、、ということかな。。。早撮りの監督,sometimes
424,27,できちゃった,ています。でも、本人がおもうほど、まわりは気にしていませんよ。［質問９］ニキビが[PET_BOUNDARY]できちゃった[PET_BOUNDARY]。どうしよう？ 最近、顔にブツブツができました。ニキビみたいなんだけど…。どうす,できちゃった,0,ています。でも、本人がおもうほど、まわりは気にしていませんよ。［質問９］ニキビができちゃった。どうしよう？ 最近、顔にブツブツができました。ニキビみたいなんだけど…。どうす,sometimes
425,27,できちゃった,栗原が不安げに訊いた。 「ええ、簡単ですよ。こんなもの…。えいっ！あれ、結び目が[PET_BOUNDARY]できちゃった[PET_BOUNDARY]」 ホームズが、見てられないよって顔で、そっぽを向いてしまった。 「じゃ、ともか,できちゃった,0,栗原が不安げに訊いた。 「ええ、簡単ですよ。こんなもの…。えいっ！あれ、結び目ができちゃった」 ホームズが、見てられないよって顔で、そっぽを向いてしまった。 「じゃ、ともか,sometimes
426,27,できちゃった,おうと同時にかがみ、頭をぶつけた。 フィービは頭を押さえて立ちあがった。「こぶが[PET_BOUNDARY]できちゃった[PET_BOUNDARY]」頼りなげに笑う。 ロブに肩をつかまれ、フィービは一瞬、ふらふらする頭を彼の胸に,できちゃった,0,おうと同時にかがみ、頭をぶつけた。 フィービは頭を押さえて立ちあがった。「こぶができちゃった」頼りなげに笑う。 ロブに肩をつかまれ、フィービは一瞬、ふらふらする頭を彼の胸に,sometimes
427,27,できちゃった,ですけれども、何かの反応だったり影響だったりっていうものがあって、それが合成して[PET_BOUNDARY]できちゃったって[PET_BOUNDARY]いうようなものだと思うんですよ、作品っていうのは。まあ、オレにちょっと似てる,できちゃったって,0,ですけれども、何かの反応だったり影響だったりっていうものがあって、それが合成してできちゃったっていうようなものだと思うんですよ、作品っていうのは。まあ、オレにちょっと似てる,sometimes
427,27,できちゃった,ですけれども、何かの反応だったり影響だったりっていうものがあって、それが合成して[PET_BOUNDARY]できちゃったって[PET_BOUNDARY]いうようなものだと思うんですよ、作品っていうのは。まあ、オレにちょっと似てる,できちゃったって,0,ですけれども、何かの反応だったり影響だったりっていうものがあって、それが合成してできちゃったっていうようなものだと思うんですよ、作品っていうのは。まあ、オレにちょっと似てる,sometimes
440,29,お花を摘む,かけ方をいろいろ研究してみては…８ タンポポ バスケット作り方 ４０ページさあ、[PET_BOUNDARY]お花を摘みに[PET_BOUNDARY]飛び出しましょう。素朴なフチ飾りが野花を待っています。リボンは，２つ折りにし,お花を摘みに,0,かけ方をいろいろ研究してみては…８ タンポポ バスケット作り方 ４０ページさあ、お花を摘みに飛び出しましょう。素朴なフチ飾りが野花を待っています。リボンは，２つ折りにし,sometimes
441,29,お花を摘む,保育園の先生！！事務的に子供に接する先生ってどうなの？なぜ？子供が[PET_BOUNDARY]お花を摘んで[PET_BOUNDARY]きたのを「置くところないからお母さんに持ってってもらって」はあ？と思いました,お花を摘んで,0,保育園の先生！！事務的に子供に接する先生ってどうなの？なぜ？子供がお花を摘んできたのを「置くところないからお母さんに持ってってもらって」はあ？と思いました,sometimes
442,29,お花を摘む,ちょっと[PET_BOUNDARY]お花を摘みに[PET_BOUNDARY]行ってきます。すぐ戻ってきますね。,お花を摘みに,1,ちょっとお花を摘みに行ってきます。すぐ戻ってきますね。,sometimes
443,29,お花を摘む,ちょっと[PET_BOUNDARY]お花を摘みに[PET_BOUNDARY]失礼します。,お花を摘みに,1,ちょっとお花を摘みに失礼します。,sometimes
444,30,キジ撃ち,蛮で礼儀知らずな態度か。鯉ごときにビビリやがって。そのくせこの男は狩りが好きで、[PET_BOUNDARY]キジ撃ちを[PET_BOUNDARY]頻繁にやっている。どうなっとんだ、こいつの頭は。 鯉の生造りより、虫がわいたチ,キジ撃ちを,0,蛮で礼儀知らずな態度か。鯉ごときにビビリやがって。そのくせこの男は狩りが好きで、キジ撃ちを頻繁にやっている。どうなっとんだ、こいつの頭は。 鯉の生造りより、虫がわいたチ,sometimes
445,30,キジ撃ち,お父さんは[PET_BOUNDARY]キジ撃ちを[PET_BOUNDARY]しに、良く山に行ってたわ。,キジ撃ちを,0,お父さんはキジ撃ちをしに、良く山に行ってたわ。,sometimes
446,30,キジ撃ち,飲み過ぎたわ、ちょっと[PET_BOUNDARY]キジ撃ちを[PET_BOUNDARY]済ましてくるわ。,キジ撃ちを,1,飲み過ぎたわ、ちょっとキジ撃ちを済ましてくるわ。,sometimes
447,30,キジ撃ち,「ちょっと[PET_BOUNDARY]キジ撃ちに[PET_BOUNDARY]行ってきます。」「うん、出て右側にあるからね。」,キジ撃ちに,1,「ちょっとキジ撃ちに行ってきます。」「うん、出て右側にあるからね。」,sometimes
491,33,運び屋,はずだ。本場仕込みか… 「わたしはアマノといいます。上官に欺されましてね。麻薬の[PET_BOUNDARY]運び屋を[PET_BOUNDARY]やらされたのです。そのために妙な事件に巻き込まれてしまい…いまではこの有様です,運び屋を,1,はずだ。本場仕込みか… 「わたしはアマノといいます。上官に欺されましてね。麻薬の運び屋をやらされたのです。そのために妙な事件に巻き込まれてしまい…いまではこの有様です,sometimes
492,33,運び屋,」と述べている。彼によれば、その七〇％がいわゆる“トリッピング”、つまり密造酒の[PET_BOUNDARY]運び屋を[PET_BOUNDARY]やっていて、おそらくちょいと酒造りもやっていたはずだという。ストックカー・レー,運び屋を,1,」と述べている。彼によれば、その七〇％がいわゆる“トリッピング”、つまり密造酒の運び屋をやっていて、おそらくちょいと酒造りもやっていたはずだという。ストックカー・レー,sometimes
493,33,運び屋,博者のことだ。「あなたはノミ屋が発砲したという話を聞いたことがありますか。麻薬の[PET_BOUNDARY]運び屋は[PET_BOUNDARY]撃ちます。だが車泥棒は撃ちません。なぜ撃たにゃならんのです？ 彼らに考えられる,運び屋は,1,博者のことだ。「あなたはノミ屋が発砲したという話を聞いたことがありますか。麻薬の運び屋は撃ちます。だが車泥棒は撃ちません。なぜ撃たにゃならんのです？ 彼らに考えられる,sometimes
494,33,運び屋,大変だ〜〜何故今になってバレタ？？これもまた、大変だ？ 福機長が。万引きの手先、[PET_BOUNDARY]運び屋を[PET_BOUNDARY]したとか？日本で万引きをした、化粧品を福機長が、運んだそうだ、主犯格は女とか・,運び屋を,1,大変だ〜〜何故今になってバレタ？？これもまた、大変だ？ 福機長が。万引きの手先、運び屋をしたとか？日本で万引きをした、化粧品を福機長が、運んだそうだ、主犯格は女とか・,sometimes
495,33,運び屋,酔って転落したのだと見たようだが、洋介は殺されたのだといっていた。彼女は…麻薬の[PET_BOUNDARY]運び屋の[PET_BOUNDARY]ような仕事もしていたらしい。その事件があって、洋介は自分も危いといいだした。私,運び屋の,1,酔って転落したのだと見たようだが、洋介は殺されたのだといっていた。彼女は…麻薬の運び屋のような仕事もしていたらしい。その事件があって、洋介は自分も危いといいだした。私,sometimes
496,33,運び屋,せたるのが商売」のエロ事師だった。 仲間は写真の撮影や変造を担当する伴的、ブツの[PET_BOUNDARY]運び屋[PET_BOUNDARY]ゴキの二人で、ブルーフィルムの自主制作第一号は男役なし、女一人の、題して「独楽」,運び屋,1,せたるのが商売」のエロ事師だった。 仲間は写真の撮影や変造を担当する伴的、ブツの運び屋ゴキの二人で、ブルーフィルムの自主制作第一号は男役なし、女一人の、題して「独楽」,sometimes
497,33,運び屋,網は東南アジアのほか、オランダなど欧州にも広がっていた。同通信によると、麻薬の「[PET_BOUNDARY]運び屋[PET_BOUNDARY]」は１回につき最高４万ドル（約４３６万円）程度を受け取っていたと見られる。シャン,運び屋,1,網は東南アジアのほか、オランダなど欧州にも広がっていた。同通信によると、麻薬の「運び屋」は１回につき最高４万ドル（約４３６万円）程度を受け取っていたと見られる。シャン,sometimes
498,33,運び屋,れとも、もっと疑うと、チェンもあの少左の部下だったのかもしれない。おれが、ただの[PET_BOUNDARY]運び屋か[PET_BOUNDARY]どうかを知るために、牢屋に潜りこませたのかも？ それなら、どうしておれと簡単に,運び屋か,1,れとも、もっと疑うと、チェンもあの少左の部下だったのかもしれない。おれが、ただの運び屋かどうかを知るために、牢屋に潜りこませたのかも？ それなら、どうしておれと簡単に,sometimes
499,33,運び屋,、若者らしい反逆心から、機密をソ連に売ろうとする。そして友人ドールトン（ペン）を[PET_BOUNDARY]運び屋に[PET_BOUNDARY]してＫＧＢと接触をはかる。５／１６水資金源強奪（７５年 東映）日本テレビ 深２,運び屋に,1,、若者らしい反逆心から、機密をソ連に売ろうとする。そして友人ドールトン（ペン）を運び屋にしてＫＧＢと接触をはかる。５／１６水資金源強奪（７５年 東映）日本テレビ 深２,sometimes
500,33,運び屋,ーズ）のテストパイロット。パルマー戦役中からパートナーのツグミ・タカクラとともに[PET_BOUNDARY]運び屋を[PET_BOUNDARY]営んでいたが、秘密裏に依頼された機動兵器輸送を契機に戦乱へと巻き込まれていく。,運び屋を,1,ーズ）のテストパイロット。パルマー戦役中からパートナーのツグミ・タカクラとともに運び屋を営んでいたが、秘密裏に依頼された機動兵器輸送を契機に戦乱へと巻き込まれていく。,sometimes
501,33,運び屋,。 「俺たちは、あんたのお陰でテストに落ちて命拾いをしたよ。三カ月前、クサダシで[PET_BOUNDARY]運び屋が[PET_BOUNDARY]つかまって、俺たちのあと釜に坐った連中はアラブ人の組織に殺された。七人が自動小,運び屋が,1,。 「俺たちは、あんたのお陰でテストに落ちて命拾いをしたよ。三カ月前、クサダシで運び屋がつかまって、俺たちのあと釜に坐った連中はアラブ人の組織に殺された。七人が自動小,sometimes
502,33,運び屋,家その者ではない。Ｘが話す（話に相応する出来事が映像に現れる）：パリ北駅で麻薬の[PET_BOUNDARY]運び屋[PET_BOUNDARY]Ｃが共犯者Ａからベルギーへ麻薬を運搬する二重底の鞄（黒い）を受け取り、アントワー,運び屋,1,家その者ではない。Ｘが話す（話に相応する出来事が映像に現れる）：パリ北駅で麻薬の運び屋Ｃが共犯者Ａからベルギーへ麻薬を運搬する二重底の鞄（黒い）を受け取り、アントワー,sometimes
503,33,運び屋,四九年のシリーズで優勝）、やがてグランド・ナショナルで活躍することになる。彼は、[PET_BOUNDARY]運び屋だった[PET_BOUNDARY]頃、わざとパトカーをおびき寄せて、追跡劇をしたと自慢している。運転技術に加,運び屋だった,1,四九年のシリーズで優勝）、やがてグランド・ナショナルで活躍することになる。彼は、運び屋だった頃、わざとパトカーをおびき寄せて、追跡劇をしたと自慢している。運転技術に加,sometimes
504,33,運び屋,母人工染色体」（ＹＡＣ）のように、いくつかのＤＮＡをつなぎ合わせてつくった人工の[PET_BOUNDARY]運び屋も[PET_BOUNDARY]あります。図１１‐４ レトロウイルスの生活（生田哲，１９９７より改変）,運び屋も,0,母人工染色体」（ＹＡＣ）のように、いくつかのＤＮＡをつなぎ合わせてつくった人工の運び屋もあります。図１１‐４ レトロウイルスの生活（生田哲，１９９７より改変）,sometimes
505,33,運び屋,一名の小さな小学校へ赴任した時のことである。小さな学校の校長は、事務会議、教材の[PET_BOUNDARY]運び屋[PET_BOUNDARY]、用務員の仕事など多忙である。 しかし、子供から離れては教育者でないという思いか,運び屋,0,一名の小さな小学校へ赴任した時のことである。小さな学校の校長は、事務会議、教材の運び屋、用務員の仕事など多忙である。 しかし、子供から離れては教育者でないという思いか,sometimes
506,33,運び屋,感染はない。あまり神経質になる必要はないが、問題は侵入経路である ▼ウイルスの「[PET_BOUNDARY]運び屋[PET_BOUNDARY]」として野鳥が疑われている。事実とすれば〈きょうからは日本の雁ぞ楽に寝よ〉と、小,運び屋,0,感染はない。あまり神経質になる必要はないが、問題は侵入経路である ▼ウイルスの「運び屋」として野鳥が疑われている。事実とすれば〈きょうからは日本の雁ぞ楽に寝よ〉と、小,sometimes
507,33,運び屋,工的に切り開いて、その間に目的のＤＮＡをはさみ込むと、それがそのまま、ＤＮＡの“[PET_BOUNDARY]運び屋[PET_BOUNDARY]”（ベクター）になり、宛先の細胞にＤＮＡを運んでくれます。新しい下宿で自身が分裂,運び屋,0,工的に切り開いて、その間に目的のＤＮＡをはさみ込むと、それがそのまま、ＤＮＡの“運び屋”（ベクター）になり、宛先の細胞にＤＮＡを運んでくれます。新しい下宿で自身が分裂,sometimes
508,33,運び屋,いインフルエンザにかかったろう？ あのとき、きみがずいぶんせわをしたよね。ぼくは[PET_BOUNDARY]運び屋だったから[PET_BOUNDARY]、知っているけど」 「でも、あれからずっときげん悪かった。よけいなこと,運び屋だったから,0,いインフルエンザにかかったろう？ あのとき、きみがずいぶんせわをしたよね。ぼくは運び屋だったから、知っているけど」 「でも、あれからずっときげん悪かった。よけいなこと,sometimes
509,33,運び屋,を増殖して多量に取り出すことが可能になります。 ファージＤＮＡはヒトの遺伝子の「[PET_BOUNDARY]運び屋[PET_BOUNDARY]」として用いられるわけで、組換えの用語で「ベクター」と呼びます。また、ヒトの全遺,運び屋,0,を増殖して多量に取り出すことが可能になります。 ファージＤＮＡはヒトの遺伝子の「運び屋」として用いられるわけで、組換えの用語で「ベクター」と呼びます。また、ヒトの全遺,sometimes
510,33,運び屋,は、業界誌『ジャパン・ポスト』の久保俊広社長や日大芸術学部の伊大知昭司助教授が“[PET_BOUNDARY]運び屋[PET_BOUNDARY]”として働いていたというより、二人で分配し合った、ということが真相らしいですね。,運び屋,0,は、業界誌『ジャパン・ポスト』の久保俊広社長や日大芸術学部の伊大知昭司助教授が“運び屋”として働いていたというより、二人で分配し合った、ということが真相らしいですね。,sometimes
511,33,運び屋,いる。 昆虫ばかりではない。生物の活動の中心が夜にある熱帯では、コウモリが花粉の[PET_BOUNDARY]運び屋と[PET_BOUNDARY]して大活躍する。たとえば、南アフリカ産のバオバブのようにコウモリに花粉の媒介を,運び屋と,0,いる。 昆虫ばかりではない。生物の活動の中心が夜にある熱帯では、コウモリが花粉の運び屋として大活躍する。たとえば、南アフリカ産のバオバブのようにコウモリに花粉の媒介を,sometimes
512,33,運び屋,ては、ウイルスやプラスミドなどがよく用いられる。 ウイルスはその感染力を利用して[PET_BOUNDARY]運び屋と[PET_BOUNDARY]して選ばれる。プラスミドは、細菌のような原核細胞の中にあり、細菌のゲノムＤＮＡ,運び屋と,0,ては、ウイルスやプラスミドなどがよく用いられる。 ウイルスはその感染力を利用して運び屋として選ばれる。プラスミドは、細菌のような原核細胞の中にあり、細菌のゲノムＤＮＡ,sometimes
513,33,運び屋,ょう。 生物はそれぞれの種に特有な核型というものをもっています。核型とは遺伝子の[PET_BOUNDARY]運び屋で[PET_BOUNDARY]ある染色体の数，大きさ，形，縞模様をまとめて示したものです。言葉で説明するより,運び屋で,0,ょう。 生物はそれぞれの種に特有な核型というものをもっています。核型とは遺伝子の運び屋である染色体の数，大きさ，形，縞模様をまとめて示したものです。言葉で説明するより,sometimes
514,33,運び屋,くれる。白い蛍光ランプの光が強烈で、まぶしいくらいである。 「組み換えの手法は、[PET_BOUNDARY]運び屋で[PET_BOUNDARY]あるアグロバクテリウムを使う方法と、パーティクルガンを使う方法と二種類です。遺,運び屋で,0,くれる。白い蛍光ランプの光が強烈で、まぶしいくらいである。 「組み換えの手法は、運び屋であるアグロバクテリウムを使う方法と、パーティクルガンを使う方法と二種類です。遺,sometimes
515,33,運び屋,らうことができ、バイオテクノロジーにとってはなくてはならない存在です。 ＤＮＡの[PET_BOUNDARY]運び屋と[PET_BOUNDARY]しては、このほかのウイルスや、特殊な細菌も利用されていて（第１３章参照）、なか,運び屋と,0,らうことができ、バイオテクノロジーにとってはなくてはならない存在です。 ＤＮＡの運び屋としては、このほかのウイルスや、特殊な細菌も利用されていて（第１３章参照）、なか,sometimes
516,33,運び屋,込まれた細胞が体内で増殖し、がん細胞を攻撃して抑制するのです。ウイルスが遺伝子の[PET_BOUNDARY]運び屋と[PET_BOUNDARY]なってｐ５３を細胞内に補給するというわけです。 まだがん細胞だけにｐ５３を効率,運び屋と,0,込まれた細胞が体内で増殖し、がん細胞を攻撃して抑制するのです。ウイルスが遺伝子の運び屋となってｐ５３を細胞内に補給するというわけです。 まだがん細胞だけにｐ５３を効率,sometimes
544,35,白い粉,隠されている。冴子は小さな紙にくるまれたその包みをそっと取りだして、中を開いた。[PET_BOUNDARY]白い粉が[PET_BOUNDARY]ビニール袋に入っていた。 「何、これ覚醒剤？…どうして、こんなものが」 偶然、,白い粉が,1,隠されている。冴子は小さな紙にくるまれたその包みをそっと取りだして、中を開いた。白い粉がビニール袋に入っていた。 「何、これ覚醒剤？…どうして、こんなものが」 偶然、,sometimes
545,35,白い粉,た新宿のビル火災や、殺人、強盗など凶悪犯罪が続発。米国の同時テロ後は、都内でも「[PET_BOUNDARY]白い粉[PET_BOUNDARY]騒ぎ」が続くなど、「安全」に対する信頼の揺らぎが目立つ一年だった。■凶悪事件 世,白い粉,1,た新宿のビル火災や、殺人、強盗など凶悪犯罪が続発。米国の同時テロ後は、都内でも「白い粉騒ぎ」が続くなど、「安全」に対する信頼の揺らぎが目立つ一年だった。■凶悪事件 世,sometimes
546,35,白い粉,物乱用を拒絶する社会環境づくりを推進している。元年には，薬物乱用体験者の手記集「[PET_BOUNDARY]白い粉の[PET_BOUNDARY]恐怖」（１０万部），指導者用テキスト「心と身体と薬物」，「少年の環境と行動」等,白い粉の,1,物乱用を拒絶する社会環境づくりを推進している。元年には，薬物乱用体験者の手記集「白い粉の恐怖」（１０万部），指導者用テキスト「心と身体と薬物」，「少年の環境と行動」等,sometimes
547,35,白い粉,るぜ」 フェデリコは小型トランクに走り寄り、トランクを開けた。ビニール袋に入った[PET_BOUNDARY]白い粉を[PET_BOUNDARY]見せた。隣りのボストン・バッグも開けた。中には緑色のドル紙幣の束がぎっしりと詰,白い粉を,1,るぜ」 フェデリコは小型トランクに走り寄り、トランクを開けた。ビニール袋に入った白い粉を見せた。隣りのボストン・バッグも開けた。中には緑色のドル紙幣の束がぎっしりと詰,sometimes
548,35,白い粉,をのり出して、それを手に取った。「ええ」 「あけてごらん」 彼女はふたをあけた。[PET_BOUNDARY]白い粉の[PET_BOUNDARY]上に、銀のコカイン用スプーンがのっていた。 「最高のものだ。最高に純度が高い。,白い粉の,1,をのり出して、それを手に取った。「ええ」 「あけてごらん」 彼女はふたをあけた。白い粉の上に、銀のコカイン用スプーンがのっていた。 「最高のものだ。最高に純度が高い。,sometimes
549,35,白い粉,するような物音が聞こえた。 真行寺は手すりに駆け寄り、下を見た。トランクが裂けて[PET_BOUNDARY]白い粉が[PET_BOUNDARY]散乱していた。その粉を被って、ルシアの体が見えた。白い粉にみるみるうちに赤い血,白い粉が,0,するような物音が聞こえた。 真行寺は手すりに駆け寄り、下を見た。トランクが裂けて白い粉が散乱していた。その粉を被って、ルシアの体が見えた。白い粉にみるみるうちに赤い血,sometimes
550,35,白い粉,するような物音が聞こえた。 真行寺は手すりに駆け寄り、下を見た。トランクが裂けて白い粉が散乱していた。その粉を被って、ルシアの体が見えた。[PET_BOUNDARY]白い粉に[PET_BOUNDARY]みるみるうちに赤い血,白い粉に,0,するような物音が聞こえた。 真行寺は手すりに駆け寄り、下を見た。トランクが裂けて白い粉が散乱していた。その粉を被って、ルシアの体が見えた。白い粉にみるみるうちに赤い血,sometimes
551,35,白い粉,先日足のくさい上司がお得意様になにやら通販で購入したと言う怪しい[PET_BOUNDARY]白い粉を[PET_BOUNDARY]靴に振り掛けていました、１週間後何と足しくさ部長の足が臭くないのです。この白い,白い粉を,0,先日足のくさい上司がお得意様になにやら通販で購入したと言う怪しい白い粉を靴に振り掛けていました、１週間後何と足しくさ部長の足が臭くないのです。この白い,sometimes
552,35,白い粉,。 私はそれを無視して、腰に下げていた手錠を組員の右手首にかけ、分室に連行した。[PET_BOUNDARY]白い粉が[PET_BOUNDARY]覚せい剤であったことは言うまでもない。だが、組員は取調べにも、所持していた覚せ,白い粉が,1,。 私はそれを無視して、腰に下げていた手錠を組員の右手首にかけ、分室に連行した。白い粉が覚せい剤であったことは言うまでもない。だが、組員は取調べにも、所持していた覚せ,sometimes
553,35,白い粉,おう。酒びたりになるのでもベッドのシーツにもぐりこむのでもなく、注射針を刺したり[PET_BOUNDARY]白い粉を[PET_BOUNDARY]なめたりするのでもない、狂気の中へ。自分自身の棚の上に、自分自身のたるきの中に,白い粉を,1,おう。酒びたりになるのでもベッドのシーツにもぐりこむのでもなく、注射針を刺したり白い粉をなめたりするのでもない、狂気の中へ。自分自身の棚の上に、自分自身のたるきの中に,sometimes
554,35,白い粉,「まさか、俊也さんが…」 俊也が覚醒剤を使用したという疑いは百パーセントないが、[PET_BOUNDARY]白い粉が[PET_BOUNDARY]ここにある以上、全く無関係だとは断言できない。 警察は俊也の死を事故だと断定し,白い粉が,1,「まさか、俊也さんが…」 俊也が覚醒剤を使用したという疑いは百パーセントないが、白い粉がここにある以上、全く無関係だとは断言できない。 警察は俊也の死を事故だと断定し,sometimes
555,35,白い粉,。私は何もしていませんよ」 組員は不服そうに言った。そして、背広のポケットから、[PET_BOUNDARY]白い粉の[PET_BOUNDARY]入っているビニールの袋を取り出し、 「この件で協力するために、分室（横浜）に行,白い粉の,1,。私は何もしていませんよ」 組員は不服そうに言った。そして、背広のポケットから、白い粉の入っているビニールの袋を取り出し、 「この件で協力するために、分室（横浜）に行,sometimes
556,35,白い粉,す。ケンネルコッフにかかってるようで咳が止まりません。病院にはいってるのですが（[PET_BOUNDARY]白い粉薬は[PET_BOUNDARY]飲ませています）何か治療できるものは無いでしょうか？もう１か月くらいになりま,白い粉薬は,0,す。ケンネルコッフにかかってるようで咳が止まりません。病院にはいってるのですが（白い粉薬は飲ませています）何か治療できるものは無いでしょうか？もう１か月くらいになりま,sometimes
557,35,白い粉,後石灰を撒きます。海苔などについている乾燥剤を湿気の多いところにほっぽっておくと[PET_BOUNDARY]白い粉[PET_BOUNDARY]（生石灰）になるので使えます。熱い茹で汁を雑草にかけます。”そうめん””菜っ葉”,白い粉,0,後石灰を撒きます。海苔などについている乾燥剤を湿気の多いところにほっぽっておくと白い粉（生石灰）になるので使えます。熱い茹で汁を雑草にかけます。”そうめん””菜っ葉”,sometimes
558,35,白い粉,９００円から１０００円だった気がします。でもあれよくないよ！！プッシュすると脇に[PET_BOUNDARY]白い粉が[PET_BOUNDARY]ついちゃうもん！,白い粉が,0,９００円から１０００円だった気がします。でもあれよくないよ！！プッシュすると脇に白い粉がついちゃうもん！,sometimes
559,35,白い粉,が空を覆い、先頭を行く葛城稚犬養連網田が松明をつけて進んだ。明かりの周辺に小雪が[PET_BOUNDARY]白い粉と[PET_BOUNDARY]なって光り煌いた。凍りつくよう寒さだが、馬に乗った吾は昂奮のせいか身体が燃え、,白い粉と,0,が空を覆い、先頭を行く葛城稚犬養連網田が松明をつけて進んだ。明かりの周辺に小雪が白い粉となって光り煌いた。凍りつくよう寒さだが、馬に乗った吾は昂奮のせいか身体が燃え、,sometimes
560,35,白い粉,種殻をのせ、コークスで焼くようになっている。 どうしてコークスで焼くとあの貝殻が[PET_BOUNDARY]白い粉に[PET_BOUNDARY]なってしまうのかわからなくて、折角だからあちこち一所懸命に眺めて回ったのだけれ,白い粉に,0,種殻をのせ、コークスで焼くようになっている。 どうしてコークスで焼くとあの貝殻が白い粉になってしまうのかわからなくて、折角だからあちこち一所懸命に眺めて回ったのだけれ,sometimes
561,35,白い粉,ウ。巨峰果汁が多く、甘みが強いのが特徴。果皮と果肉が離れやすく食べやすい。果粒に[PET_BOUNDARY]白い粉が[PET_BOUNDARY]出ているのはブルームといい、ブドウの内部より分泌される保護膜で、白くついている,白い粉が,0,ウ。巨峰果汁が多く、甘みが強いのが特徴。果皮と果肉が離れやすく食べやすい。果粒に白い粉が出ているのはブルームといい、ブドウの内部より分泌される保護膜で、白くついている,sometimes
562,35,白い粉,ん期待を裏切る奴だ。俺の期待を二回も裏切った小谷信太はチョークをおっさんに返し、[PET_BOUNDARY]白い粉の[PET_BOUNDARY]付いた指を左の掌に押しつけて拭くと、何があるのか知らないが少し斜め上を見たり、,白い粉の,0,ん期待を裏切る奴だ。俺の期待を二回も裏切った小谷信太はチョークをおっさんに返し、白い粉の付いた指を左の掌に押しつけて拭くと、何があるのか知らないが少し斜め上を見たり、,sometimes
563,35,白い粉,向かって吹き下ろしてくる。どこもかしこも乾燥し、ぼくらの身体も、肌がカサカサして[PET_BOUNDARY]白い粉を[PET_BOUNDARY]ふき、唇がパリパリになってひび割れた。すると、毎朝、母さんたちは油を腕や足に擦,白い粉を,0,向かって吹き下ろしてくる。どこもかしこも乾燥し、ぼくらの身体も、肌がカサカサして白い粉をふき、唇がパリパリになってひび割れた。すると、毎朝、母さんたちは油を腕や足に擦,sometimes
564,35,白い粉,かったのもつかの間、しばらくして、冷めてしまった大学イモの飴が砂糖の結晶した様な[PET_BOUNDARY]白い粉っぽい[PET_BOUNDARY]物になってしまいました。飴が砂糖に戻りかけて仕舞ったのでしょう。飴が安定し,白い粉っぽい,0,かったのもつかの間、しばらくして、冷めてしまった大学イモの飴が砂糖の結晶した様な白い粉っぽい物になってしまいました。飴が砂糖に戻りかけて仕舞ったのでしょう。飴が安定し,sometimes
565,35,白い粉,頭のクマが黒山のように１カ所に群がり重なりあっていた。消火器でクマを追い払うと、[PET_BOUNDARY]白い粉の[PET_BOUNDARY]なかから人の姿が浮かんできた。死体はすでに子グマに食い荒らされており、内臓はす,白い粉の,0,頭のクマが黒山のように１カ所に群がり重なりあっていた。消火器でクマを追い払うと、白い粉のなかから人の姿が浮かんできた。死体はすでに子グマに食い荒らされており、内臓はす,sometimes
566,35,白い粉,使用する前に、その表面についた[PET_BOUNDARY]白い粉を[PET_BOUNDARY]ぬれ布巾で拭き取るのをよく見かけるが、あの白い粉は旨み成分が結晶したものなので、わざわざ拭き取る必要はない。ただし砂や汚れは落と,白い粉を,0,使用する前に、その表面についた白い粉をぬれ布巾で拭き取るのをよく見かけるが、あの白い粉は旨み成分が結晶したものなので、わざわざ拭き取る必要はない。ただし砂や汚れは落と,sometimes
567,35,白い粉,使用する前に、その表面についた白い粉をぬれ布巾で拭き取るのをよく見かけるが、あの[PET_BOUNDARY]白い粉は[PET_BOUNDARY]旨み成分が結晶したものなので、わざわざ拭き取る必要はない。ただし砂や汚れは落と,白い粉は,0,使用する前に、その表面についた白い粉をぬれ布巾で拭き取るのをよく見かけるが、あの白い粉は旨み成分が結晶したものなので、わざわざ拭き取る必要はない。ただし砂や汚れは落と,sometimes
568,35,白い粉,でイナズマ型の荷揚げスロープを昇り、一番てっぺんの部屋に入ると、そこは歩くたびに[PET_BOUNDARY]白い粉が[PET_BOUNDARY]舞い上って鼻の穴がもはもはする。まん中のあたりにレンガ積みの炉があって、その上,白い粉が,0,でイナズマ型の荷揚げスロープを昇り、一番てっぺんの部屋に入ると、そこは歩くたびに白い粉が舞い上って鼻の穴がもはもはする。まん中のあたりにレンガ積みの炉があって、その上,sometimes
569,35,白い粉,たけのこの質問がありましたが、それに加えて教えて頂きたいのですが、その[PET_BOUNDARY]白い粉の[PET_BOUNDARY]ようなものを洗い流さず、一緒に煮付けてももんだいないですか。味がよくなる可能性,白い粉の,0,たけのこの質問がありましたが、それに加えて教えて頂きたいのですが、その白い粉のようなものを洗い流さず、一緒に煮付けてももんだいないですか。味がよくなる可能性,sometimes
570,35,白い粉,く似ているツヅラフジの葉の基部には毛がないそうです。花は小さく地味ですが、果実は[PET_BOUNDARY]白い粉を[PET_BOUNDARY]まぶしたような黒色で、目立ちます。＊ 果実は核果ですが、昨年カラスウリの実を撮,白い粉を,0,く似ているツヅラフジの葉の基部には毛がないそうです。花は小さく地味ですが、果実は白い粉をまぶしたような黒色で、目立ちます。＊ 果実は核果ですが、昨年カラスウリの実を撮,sometimes
571,35,白い粉,高くなった。 白衣の人は、この奇っ怪な儀式の司祭らしい。司祭は祭壇の上から水器と[PET_BOUNDARY]白い粉を[PET_BOUNDARY]入れた容器を取り上げて、交互に一行の上に振り撒いた。白い粉とおもったのは、塩だ,白い粉を,0,高くなった。 白衣の人は、この奇っ怪な儀式の司祭らしい。司祭は祭壇の上から水器と白い粉を入れた容器を取り上げて、交互に一行の上に振り撒いた。白い粉とおもったのは、塩だ,sometimes
572,35,白い粉,高くなった。 白衣の人は、この奇っ怪な儀式の司祭らしい。司祭は祭壇の上から水器と白い粉を入れた容器を取り上げて、交互に一行の上に振り撒いた。[PET_BOUNDARY]白い粉と[PET_BOUNDARY]おもったのは、塩だ,白い粉と,0,高くなった。 白衣の人は、この奇っ怪な儀式の司祭らしい。司祭は祭壇の上から水器と白い粉を入れた容器を取り上げて、交互に一行の上に振り撒いた。白い粉とおもったのは、塩だ,sometimes
573,35,白い粉,を捜しに行ってしまった。 やれやれ…。 結構大変なもんだな、と中里は、あちこちに[PET_BOUNDARY]白い粉を[PET_BOUNDARY]はたいたりしているのを、ぼんやりと眺めていた。指紋を採っているのだ。 すみませ,白い粉を,0,を捜しに行ってしまった。 やれやれ…。 結構大変なもんだな、と中里は、あちこちに白い粉をはたいたりしているのを、ぼんやりと眺めていた。指紋を採っているのだ。 すみませ,sometimes
574,35,白い粉,くらいだったそうだ。きゅうりは無農薬のもの、きゅうり本来の味がするといわれている[PET_BOUNDARY]白い粉を[PET_BOUNDARY]ふくブルームを、台木を使わず種から育てて使っている。完成したピクルスは東北の小,白い粉を,0,くらいだったそうだ。きゅうりは無農薬のもの、きゅうり本来の味がするといわれている白い粉をふくブルームを、台木を使わず種から育てて使っている。完成したピクルスは東北の小,sometimes
575,35,白い粉,カンジタ菌について教えてください。おりものが[PET_BOUNDARY]白い粉[PET_BOUNDARY]みたいに・・とよく聞きますが、出てくるときからカスみたいなのでしょうか？下着にほ,白い粉,0,カンジタ菌について教えてください。おりものが白い粉みたいに・・とよく聞きますが、出てくるときからカスみたいなのでしょうか？下着にほ,sometimes
576,35,白い粉,がついてる時ありますよね？カビたらどんなカビカビがつくんでしょうか？買ったときの[PET_BOUNDARY]白い粉は[PET_BOUNDARY]普通はマンニットなどの多糖類（うまみ成分）の結晶なので問題ありません、これは海,白い粉は,0,がついてる時ありますよね？カビたらどんなカビカビがつくんでしょうか？買ったときの白い粉は普通はマンニットなどの多糖類（うまみ成分）の結晶なので問題ありません、これは海,sometimes
577,35,白い粉,りる。零下何度なのだろう、外に出る気もしないが、地面が水分に濡れて黒ずむ前にもう[PET_BOUNDARY]白い粉の[PET_BOUNDARY]うっすらとした堆積が道に出来ている。やばい、やばい、このまま降り積もったらやば,白い粉の,0,りる。零下何度なのだろう、外に出る気もしないが、地面が水分に濡れて黒ずむ前にもう白い粉のうっすらとした堆積が道に出来ている。やばい、やばい、このまま降り積もったらやば,sometimes
578,35,白い粉,〇〇ｇ、椎茸二〇〇ｇを前の晩から漬けておく。昆布を使用する前に、その表面についた[PET_BOUNDARY]白い粉を[PET_BOUNDARY]ぬれ布巾で拭き取るのをよく見かけるが、あの白い粉は旨み成分が結晶したものなので,白い粉を,0,〇〇ｇ、椎茸二〇〇ｇを前の晩から漬けておく。昆布を使用する前に、その表面についた白い粉をぬれ布巾で拭き取るのをよく見かけるが、あの白い粉は旨み成分が結晶したものなので,sometimes
579,35,白い粉,〇〇ｇ、椎茸二〇〇ｇを前の晩から漬けておく。昆布を使用する前に、その表面についた白い粉をぬれ布巾で拭き取るのをよく見かけるが、あの[PET_BOUNDARY]白い粉は[PET_BOUNDARY]旨み成分が結晶したものなので,白い粉は,0,〇〇ｇ、椎茸二〇〇ｇを前の晩から漬けておく。昆布を使用する前に、その表面についた白い粉をぬれ布巾で拭き取るのをよく見かけるが、あの白い粉は旨み成分が結晶したものなので,sometimes
580,35,白い粉,を食べるのですが、いつも思うことがあります。オーブンで焼いて食べるのですが焼くと[PET_BOUNDARY]白い粉が[PET_BOUNDARY]溶けて粘りが出るんです。焼くと甘味が増して美味しいので気にすることなく食べてい,白い粉が,0,を食べるのですが、いつも思うことがあります。オーブンで焼いて食べるのですが焼くと白い粉が溶けて粘りが出るんです。焼くと甘味が増して美味しいので気にすることなく食べてい,sometimes
581,35,白い粉,さのカメをたくさんつかまえてきた。※わらなどで作った敷物。 その晩、カメの背中に[PET_BOUNDARY]白い粉を[PET_BOUNDARY]ふきかけ、ざるに入れると、小僧さんは近所の家にしのびこみ、もちの並べてあるむし,白い粉を,0,さのカメをたくさんつかまえてきた。※わらなどで作った敷物。 その晩、カメの背中に白い粉をふきかけ、ざるに入れると、小僧さんは近所の家にしのびこみ、もちの並べてあるむし,sometimes
582,35,白い粉,ように切ったもの。昆布はぬれぶきんで汚れをふき取り、水で戻して結ぶ。昆布の表面の[PET_BOUNDARY]白い粉は[PET_BOUNDARY]拭き取らないように、また、戻しすぎると結びにくくなるので注意する。結んで乾燥さ,白い粉は,0,ように切ったもの。昆布はぬれぶきんで汚れをふき取り、水で戻して結ぶ。昆布の表面の白い粉は拭き取らないように、また、戻しすぎると結びにくくなるので注意する。結んで乾燥さ,sometimes
583,35,白い粉,をするのも大事な仕事です。 鉢、プランターの土に植えた植物を鉢から抜いた時、根に[PET_BOUNDARY]白い粉の[PET_BOUNDARY]ようなものがついていたら、根ジラミに土が汚染された証拠です。根ジラミは水に弱い,白い粉の,0,をするのも大事な仕事です。 鉢、プランターの土に植えた植物を鉢から抜いた時、根に白い粉のようなものがついていたら、根ジラミに土が汚染された証拠です。根ジラミは水に弱い,sometimes
584,35,白い粉,ておく。そのうち夜露にぬれてさらに強い臭いが出てくる。その頃になるとマダコ全体に[PET_BOUNDARY]白い粉が[PET_BOUNDARY]吹き出る。こうなると独特な甘味が出てきて、うまくなるんだよ」 これをあぶって、,白い粉が,0,ておく。そのうち夜露にぬれてさらに強い臭いが出てくる。その頃になるとマダコ全体に白い粉が吹き出る。こうなると独特な甘味が出てきて、うまくなるんだよ」 これをあぶって、,sometimes
585,35,白い粉,富有ガキヘタのところが新鮮で果皮に張りがあるものを選ぶとよい。新鮮なものは果皮に[PET_BOUNDARY]白い粉が[PET_BOUNDARY]ふいている。全体に色が回り、弾力が出てきたころが食べごろ。果肉は甘くて果汁が多,白い粉が,0,富有ガキヘタのところが新鮮で果皮に張りがあるものを選ぶとよい。新鮮なものは果皮に白い粉がふいている。全体に色が回り、弾力が出てきたころが食べごろ。果肉は甘くて果汁が多,sometimes
586,35,白い粉,らの名もないゴビのうえをたどっている。砂と小石の 怖ろしい広漠。ところどころに[PET_BOUNDARY]白い粉が[PET_BOUNDARY] のどかな望みを拒むかのように 吹いている。見ろ前方遥かな蕭寥の地平線そこに薄,白い粉が,0,らの名もないゴビのうえをたどっている。砂と小石の 怖ろしい広漠。ところどころに白い粉が のどかな望みを拒むかのように 吹いている。見ろ前方遥かな蕭寥の地平線そこに薄,sometimes
587,35,白い粉,よくなる可能性もあるんですか？＜ためしてガッテンより抜粋＞水煮タケノコでよく見る[PET_BOUNDARY]白い粉[PET_BOUNDARY]。その正体は、アミノ酸。しかも、チロシンというアミノ酸が９８％でした。チロシンに,白い粉,0,よくなる可能性もあるんですか？＜ためしてガッテンより抜粋＞水煮タケノコでよく見る白い粉。その正体は、アミノ酸。しかも、チロシンというアミノ酸が９８％でした。チロシンに,sometimes
607,39,始末する,づいていたかもしれないのである。 「留三は…」 「隠処に閉じ籠めてあります」 「[PET_BOUNDARY]始末するが[PET_BOUNDARY]よい。亡骸は地に埋めよ」 「承知しました。さっそく、亡き者にいたします」 庚麿,始末するが,1,づいていたかもしれないのである。 「留三は…」 「隠処に閉じ籠めてあります」 「始末するがよい。亡骸は地に埋めよ」 「承知しました。さっそく、亡き者にいたします」 庚麿,sometimes
608,39,始末する,いたのか。ちょうどよかった。これで一網打尽にできるというわけだ。邪魔者はまとめて[PET_BOUNDARY]始末するに[PET_BOUNDARY]―」 「貴様、見かけ以上に愚鈍だな」 心底相手を馬鹿にしたような言葉を浴びせら,始末するに,1,いたのか。ちょうどよかった。これで一網打尽にできるというわけだ。邪魔者はまとめて始末するに―」 「貴様、見かけ以上に愚鈍だな」 心底相手を馬鹿にしたような言葉を浴びせら,sometimes
609,39,始末する,と、投書か電話したかもしれない。しかし、いっこうにいなくならないので、彼は自分で[PET_BOUNDARY]始末する[PET_BOUNDARY]ことにしたのではないか。また、そうだとすると、犯人は、正しいことをやっているのだ,始末する,1,と、投書か電話したかもしれない。しかし、いっこうにいなくならないので、彼は自分で始末することにしたのではないか。また、そうだとすると、犯人は、正しいことをやっているのだ,sometimes
610,39,始末する,法の名を借りて、おれたちを捕まえようというのだろう。あるいは、ここで、おれたちを[PET_BOUNDARY]始末する[PET_BOUNDARY]つもりかもしれない。 「馬鹿言え。捕まってたまるか！」 おれは、拳銃を構えて、言,始末する,1,法の名を借りて、おれたちを捕まえようというのだろう。あるいは、ここで、おれたちを始末するつもりかもしれない。 「馬鹿言え。捕まってたまるか！」 おれは、拳銃を構えて、言,sometimes
611,39,始末する,いまではビルひとつ自由にできるのだ。吸い殺した後は、奴隷として、屍とかいう刑事を[PET_BOUNDARY]始末するのに[PET_BOUNDARY]使ってやろう」 ゼラの勝ち誇った声を、鬼顔は遠く聞いた。― 出血多量で動けな,始末するのに,1,いまではビルひとつ自由にできるのだ。吸い殺した後は、奴隷として、屍とかいう刑事を始末するのに使ってやろう」 ゼラの勝ち誇った声を、鬼顔は遠く聞いた。― 出血多量で動けな,sometimes
612,39,始末する,を連れていってしまったことがある。殺すつもりだったらしい。長野市では火曜日に犬を[PET_BOUNDARY]始末するんです[PET_BOUNDARY]。心配した友達が捜してくれて、ぼくの犬を見つけたのは月曜日の晩。役所はぼく,始末するんです,1,を連れていってしまったことがある。殺すつもりだったらしい。長野市では火曜日に犬を始末するんです。心配した友達が捜してくれて、ぼくの犬を見つけたのは月曜日の晩。役所はぼく,sometimes
613,39,始末する,[PET_BOUNDARY]始末して[PET_BOUNDARY]ビデオを回収してこないと命はない、とすごまれまして、必死になって、徳永を始末する方法を考えた、という次第です。ここからは、篠塚さんが考えた通りですよ。私も久喜さ,始末して,1,始末してビデオを回収してこないと命はない、とすごまれまして、必死になって、徳永を始末する方法を考えた、という次第です。ここからは、篠塚さんが考えた通りですよ。私も久喜さ,sometimes
614,39,始末する,始末してビデオを回収してこないと命はない、とすごまれまして、必死になって、徳永を[PET_BOUNDARY]始末する[PET_BOUNDARY]方法を考えた、という次第です。ここからは、篠塚さんが考えた通りですよ。私も久喜さ,始末する,1,始末してビデオを回収してこないと命はない、とすごまれまして、必死になって、徳永を始末する方法を考えた、という次第です。ここからは、篠塚さんが考えた通りですよ。私も久喜さ,sometimes
615,39,始末する,かった。このことが知られれば自分たちは破滅だ。神崎たちは話し合いの末、篠田英治を[PET_BOUNDARY]始末する[PET_BOUNDARY]ことに決めた。クレバスに誘導して事故に見せかけて殺そうとしたのだ。 だが、篠田英,始末する,1,かった。このことが知られれば自分たちは破滅だ。神崎たちは話し合いの末、篠田英治を始末することに決めた。クレバスに誘導して事故に見せかけて殺そうとしたのだ。 だが、篠田英,sometimes
616,39,始末する,はいってくる。いましがた小耳にはさんだところでは、殺し屋はミスター斬るとミスター[PET_BOUNDARY]始末するの[PET_BOUNDARY]二人組で、ギャレスをみつけたら足の指をかじるらしい」 「気色悪いな」 「腹をこ,始末するの,1,はいってくる。いましがた小耳にはさんだところでは、殺し屋はミスター斬るとミスター始末するの二人組で、ギャレスをみつけたら足の指をかじるらしい」 「気色悪いな」 「腹をこ,sometimes
617,39,始末する,インターポールでは増え続けるテロリスト達を一気に[PET_BOUNDARY]始末する[PET_BOUNDARY]ため「テロリスト相殺作戦」の展開を決定する。その中で軸に選ばれたのが女狙撃者・血,始末する,1,インターポールでは増え続けるテロリスト達を一気に始末するため「テロリスト相殺作戦」の展開を決定する。その中で軸に選ばれたのが女狙撃者・血,sometimes
618,39,始末する,つにふさわしいところに。ラデック坊やはママの首を切り落としたのさ。さて、あんたを[PET_BOUNDARY]始末すると[PET_BOUNDARY]しようか。何か言うことはあるかい、マイ・フレンド。あんた大成功してるんだろ？,始末すると,1,つにふさわしいところに。ラデック坊やはママの首を切り落としたのさ。さて、あんたを始末するとしようか。何か言うことはあるかい、マイ・フレンド。あんた大成功してるんだろ？,sometimes
619,39,始末する,ざく愚か者のくせに、私を指図するなど片腹痛い。いいからまず、その子供たちと刑事を[PET_BOUNDARY]始末するんだ[PET_BOUNDARY]。話は後からゆっくり聞いてやる」 「うるさい！ 誰がおまえの言うことなど」,始末するんだ,1,ざく愚か者のくせに、私を指図するなど片腹痛い。いいからまず、その子供たちと刑事を始末するんだ。話は後からゆっくり聞いてやる」 「うるさい！ 誰がおまえの言うことなど」,sometimes
620,39,始末する,今日もそうですが、田尾さんは香港に出かけたりして、自分では決して手を汚さずに人を[PET_BOUNDARY]始末するのが[PET_BOUNDARY]お好みなんです。とても怖い人なんです。もともと徳永さんのことは、私と久喜さん,始末するのが,1,今日もそうですが、田尾さんは香港に出かけたりして、自分では決して手を汚さずに人を始末するのがお好みなんです。とても怖い人なんです。もともと徳永さんのことは、私と久喜さん,sometimes
621,39,始末する,。思い出せそうだ。確かにそんな存在がいたはずだ。レイの過去に。 「殺し屋を簡単に[PET_BOUNDARY]始末するなんて[PET_BOUNDARY]すげえな」 レイの言葉に、男の首が揺れた。笑ったらしい。 「あいつは二流だ,始末するなんて,1,。思い出せそうだ。確かにそんな存在がいたはずだ。レイの過去に。 「殺し屋を簡単に始末するなんてすげえな」 レイの言葉に、男の首が揺れた。笑ったらしい。 「あいつは二流だ,sometimes
622,39,始末する,理台・流しを洗い，調理台全体をふく。・排水口のごみを[PET_BOUNDARY]始末する[PET_BOUNDARY]。ごみごみは分別して始末する（→４７，５２〜５３ページ）。生ごみは水を切る（→９ページ）。６ ふり返る・衛生,始末する,0,理台・流しを洗い，調理台全体をふく。・排水口のごみを始末する。ごみごみは分別して始末する（→４７，５２〜５３ページ）。生ごみは水を切る（→９ページ）。６ ふり返る・衛生,sometimes
623,39,始末する,理台・流しを洗い，調理台全体をふく。・排水口のごみを始末する。ごみごみは分別して[PET_BOUNDARY]始末する[PET_BOUNDARY]（→４７，５２〜５３ページ）。生ごみは水を切る（→９ページ）。６ ふり返る・衛生,始末する,0,理台・流しを洗い，調理台全体をふく。・排水口のごみを始末する。ごみごみは分別して始末する（→４７，５２〜５３ページ）。生ごみは水を切る（→９ページ）。６ ふり返る・衛生,sometimes
624,39,始末する,）、松（大きい）など捨てがたいんです。２，３の植木屋さんに、聞いたところ、切って[PET_BOUNDARY]始末すると[PET_BOUNDARY]いう話です。パワーショベルなどで、ガーっと、掘り出すようなやり方はありますか。,始末すると,0,）、松（大きい）など捨てがたいんです。２，３の植木屋さんに、聞いたところ、切って始末するという話です。パワーショベルなどで、ガーっと、掘り出すようなやり方はありますか。,sometimes
625,39,始末する,分の外側に，しるしをつける。３外側のしるしにそって，布をたつ。３ ぬう（布はしを[PET_BOUNDARY]始末する[PET_BOUNDARY]）１左右２辺を，三つ折りにしてぬう（折り目がつきにくいときは，アイロンをかける。,始末する,0,分の外側に，しるしをつける。３外側のしるしにそって，布をたつ。３ ぬう（布はしを始末する）１左右２辺を，三つ折りにしてぬう（折り目がつきにくいときは，アイロンをかける。,sometimes
626,39,始末する,ようにしています。 ささいな事のようですが、客室係にとって、ゴミ箱のゴミを正しく[PET_BOUNDARY]始末する[PET_BOUNDARY]ことはもっとも重要な仕事のひとつなのです。仕事はひとりではできない―２協同 ホテ,始末する,0,ようにしています。 ささいな事のようですが、客室係にとって、ゴミ箱のゴミを正しく始末することはもっとも重要な仕事のひとつなのです。仕事はひとりではできない―２協同 ホテ,sometimes
627,39,始末する,分かって、あの家へ入っていこうとしたら、われわれは行動を起す。スコープはこっちで[PET_BOUNDARY]始末するから[PET_BOUNDARY]考えなくていい。きみは、できるだけ早くさっき入ってきた入口から外へ出る。誰か,始末するから,0,分かって、あの家へ入っていこうとしたら、われわれは行動を起す。スコープはこっちで始末するから考えなくていい。きみは、できるだけ早くさっき入ってきた入口から外へ出る。誰か,sometimes
628,39,始末する,間の鴨居にれいれいしくかけてある額縁入りの正装した男女対のモノクロ写真をこっそり[PET_BOUNDARY]始末する[PET_BOUNDARY]ことである。 ところで、家長であるぼくの父親は、家族や母方の親族に必ずしも歓迎さ,始末する,0,間の鴨居にれいれいしくかけてある額縁入りの正装した男女対のモノクロ写真をこっそり始末することである。 ところで、家長であるぼくの父親は、家族や母方の親族に必ずしも歓迎さ,sometimes
629,39,始末する,事がある。とりあえず隙間はできたのだが、是で手打ちにして終了するか、悩みの大木を[PET_BOUNDARY]始末するかだ[PET_BOUNDARY]。しかし、もしも高圧線側に倒れたら大変な事になる。それでも倒したい思いに悩ん,始末するかだ,0,事がある。とりあえず隙間はできたのだが、是で手打ちにして終了するか、悩みの大木を始末するかだ。しかし、もしも高圧線側に倒れたら大変な事になる。それでも倒したい思いに悩ん,sometimes
630,39,始末する,たりする段になると、いくら私が脇にそれてそれをしようとしてもだめで、残った一皿を[PET_BOUNDARY]始末するとか[PET_BOUNDARY]、ナプキンをかたづけるとか、何か私に近づく用事を見出すのであった。こちらが腹,始末するとか,0,たりする段になると、いくら私が脇にそれてそれをしようとしてもだめで、残った一皿を始末するとか、ナプキンをかたづけるとか、何か私に近づく用事を見出すのであった。こちらが腹,sometimes
631,39,始末する,るわけ。そりゃ先生、たたくのはあんまりいいことじゃありませんけど、その結果をどう[PET_BOUNDARY]始末するかって[PET_BOUNDARY]いうのは、われわれおとなの側の問題です。 「いやーあ、たたいてくれていい先,始末するかって,0,るわけ。そりゃ先生、たたくのはあんまりいいことじゃありませんけど、その結果をどう始末するかっていうのは、われわれおとなの側の問題です。 「いやーあ、たたいてくれていい先,sometimes
632,39,始末する,を使うだけさ。着るものは安いのを買って、一シーズンでおしまいにする。書類は即座に[PET_BOUNDARY]始末する[PET_BOUNDARY]。本は文庫本で、読んだらやはり始末する。鍋や茶碗の類は最小限。家具は持たない。寝,始末する,0,を使うだけさ。着るものは安いのを買って、一シーズンでおしまいにする。書類は即座に始末する。本は文庫本で、読んだらやはり始末する。鍋や茶碗の類は最小限。家具は持たない。寝,sometimes
633,39,始末する,を使うだけさ。着るものは安いのを買って、一シーズンでおしまいにする。書類は即座に始末する。本は文庫本で、読んだらやはり[PET_BOUNDARY]始末する[PET_BOUNDARY]。鍋や茶碗の類は最小限。家具は持たない。寝,始末する,0,を使うだけさ。着るものは安いのを買って、一シーズンでおしまいにする。書類は即座に始末する。本は文庫本で、読んだらやはり始末する。鍋や茶碗の類は最小限。家具は持たない。寝,sometimes
839,49,召される,重を見つめた。 お春の方も八重と同じ京都の公家の出身、十年前、十六歳の時に大奥へ[PET_BOUNDARY]召されて[PET_BOUNDARY]、二年後の十八歳の時、将軍の側室になった。 だが、今もって子宝に恵まれていない,召されて,1,重を見つめた。 お春の方も八重と同じ京都の公家の出身、十年前、十六歳の時に大奥へ召されて、二年後の十八歳の時、将軍の側室になった。 だが、今もって子宝に恵まれていない,sometimes
840,49,召される,とりの女子学生がしゃがみこんでいた。 「お女中お女中」唯野が声をかける。「いかが[PET_BOUNDARY]召された[PET_BOUNDARY]」 「はいあの、持病の癪が」 「国文科の学生らしい」唯野は蟇目とうなずきあう。,召された,0,とりの女子学生がしゃがみこんでいた。 「お女中お女中」唯野が声をかける。「いかが召された」 「はいあの、持病の癪が」 「国文科の学生らしい」唯野は蟇目とうなずきあう。,sometimes
841,49,召される,ると屋外に出なければならない。寝所で神に接することは不可能である。 「お風邪でも[PET_BOUNDARY]召されては[PET_BOUNDARY]大変でございます、それに琴の音が冴えません」 雨に弦が濡れれば音が出ない。,召されては,0,ると屋外に出なければならない。寝所で神に接することは不可能である。 「お風邪でも召されては大変でございます、それに琴の音が冴えません」 雨に弦が濡れれば音が出ない。,sometimes
842,49,召される,ているのだ。この図は単なるお戯れにすぎぬ。こうしてな、お気に[PET_BOUNDARY]召された[PET_BOUNDARY]屏風をご鑑賞召され、上様は日頃のお疲れを癒しておられるのだ。それだけのことだ」 光秀の目の奥には、,召された,0,ているのだ。この図は単なるお戯れにすぎぬ。こうしてな、お気に召された屏風をご鑑賞召され、上様は日頃のお疲れを癒しておられるのだ。それだけのことだ」 光秀の目の奥には、,sometimes
843,49,召される,ているのだ。この図は単なるお戯れにすぎぬ。こうしてな、お気に召された屏風をご鑑賞[PET_BOUNDARY]召され[PET_BOUNDARY]、上様は日頃のお疲れを癒しておられるのだ。それだけのことだ」 光秀の目の奥には、,召され,0,ているのだ。この図は単なるお戯れにすぎぬ。こうしてな、お気に召された屏風をご鑑賞召され、上様は日頃のお疲れを癒しておられるのだ。それだけのことだ」 光秀の目の奥には、,sometimes
844,49,召される,天皇の寵愛を一身に集める。小督に恋する人は帝ばかりでなく、冷泉隆房は彼女が宮中に[PET_BOUNDARY]召される[PET_BOUNDARY]前から見初めて、召された後も恋心を断ち切れないありさまであった。この事態に立腹,召される,0,天皇の寵愛を一身に集める。小督に恋する人は帝ばかりでなく、冷泉隆房は彼女が宮中に召される前から見初めて、召された後も恋心を断ち切れないありさまであった。この事態に立腹,sometimes
845,49,召される,天皇の寵愛を一身に集める。小督に恋する人は帝ばかりでなく、冷泉隆房は彼女が宮中に召される前から見初めて、[PET_BOUNDARY]召された[PET_BOUNDARY]後も恋心を断ち切れないありさまであった。この事態に立腹,召された,0,天皇の寵愛を一身に集める。小督に恋する人は帝ばかりでなく、冷泉隆房は彼女が宮中に召される前から見初めて、召された後も恋心を断ち切れないありさまであった。この事態に立腹,sometimes
846,49,召される,「守る者の一人もないお屋敷というのは、とかく不用心なものでございます。お気をつけ[PET_BOUNDARY]召され[PET_BOUNDARY]」 男は言い置いて、つかつかと小窓のほうへ向かう。 我がもの顔で戸を押し開き、そ,召され,0,「守る者の一人もないお屋敷というのは、とかく不用心なものでございます。お気をつけ召され」 男は言い置いて、つかつかと小窓のほうへ向かう。 我がもの顔で戸を押し開き、そ,sometimes
847,49,召される,気がイエス様に癒していただいているからです。 すでにイエス様と出会い、弟子として[PET_BOUNDARY]召されて[PET_BOUNDARY]いたペテロでしたが、徹底して従いきれないでいたときに。ペテロにイエス様のほうか,召されて,0,気がイエス様に癒していただいているからです。 すでにイエス様と出会い、弟子として召されていたペテロでしたが、徹底して従いきれないでいたときに。ペテロにイエス様のほうか,sometimes
848,49,召される,蘇りのキリストにお会いして、人生を変えられたパウロ。（４）異邦人への宣教者として[PET_BOUNDARY]召され[PET_BOUNDARY]、すでに三回の宣教旅行を敢行し、各地に福音を伝え、教会を創設したパウロ。（５）今,召され,0,蘇りのキリストにお会いして、人生を変えられたパウロ。（４）異邦人への宣教者として召され、すでに三回の宣教旅行を敢行し、各地に福音を伝え、教会を創設したパウロ。（５）今,sometimes
849,49,召される,ド・ドレイファスは日常生活から解き放たれ、燦然と光り輝く宇宙船の一員となって天に[PET_BOUNDARY]召されて[PET_BOUNDARY]いった。『Ｅ．Ｔ．』のヘンリー・トーマスは、去っていく宇宙船を見送り、管理社会,召されて,1,ド・ドレイファスは日常生活から解き放たれ、燦然と光り輝く宇宙船の一員となって天に召されていった。『Ｅ．Ｔ．』のヘンリー・トーマスは、去っていく宇宙船を見送り、管理社会,sometimes
850,49,召される,朝日って久し振り！とっても気持ちよくって、ふわ〜〜〜〜ってなって、このまま、天に[PET_BOUNDARY]召されるかと[PET_BOUNDARY]思ったよ。朝日って気持ちいいね〜〜〜元気をもらったわ。『今日のお弁当』★十,召されるかと,0,朝日って久し振り！とっても気持ちよくって、ふわ〜〜〜〜ってなって、このまま、天に召されるかと思ったよ。朝日って気持ちいいね〜〜〜元気をもらったわ。『今日のお弁当』★十,sometimes
851,49,召される,今は天国です。信じる者には永遠のいのちが与えられるので、地獄へは行かずに天国へと[PET_BOUNDARY]召される[PET_BOUNDARY]幸いを感謝します。詩篇１３０：１ 【主】よ。深い淵から、私はあなたを呼び求めま,召される,1,今は天国です。信じる者には永遠のいのちが与えられるので、地獄へは行かずに天国へと召される幸いを感謝します。詩篇１３０：１ 【主】よ。深い淵から、私はあなたを呼び求めま,sometimes
852,49,召される,気がつかない所で倒れたまま亡くなってしまいました。不思議なのは生まれた日にちと、[PET_BOUNDARY]召された[PET_BOUNDARY]日にちが同じです。やはり寿命だったのでしょうか・・・・。とても人から好かれてる,召された,1,気がつかない所で倒れたまま亡くなってしまいました。不思議なのは生まれた日にちと、召された日にちが同じです。やはり寿命だったのでしょうか・・・・。とても人から好かれてる,sometimes
853,49,召される,フラダンースの犬の最終回で、ネロとパラトッシュが同時に天に[PET_BOUNDARY]召される[PET_BOUNDARY]場面があります。非常に疑問なのですが、なぜ「同時」なのでしょうか？偶然でもあり,召される,1,フラダンースの犬の最終回で、ネロとパラトッシュが同時に天に召される場面があります。非常に疑問なのですが、なぜ「同時」なのでしょうか？偶然でもあり,sometimes
854,49,召される,「明ちゃんは、神様のご用をするために天に[PET_BOUNDARY]召されたのよ[PET_BOUNDARY]。そしてあなたたちの信仰がそれによって深くなるようになさったのよ」と母は私,召されたのよ,1,「明ちゃんは、神様のご用をするために天に召されたのよ。そしてあなたたちの信仰がそれによって深くなるようになさったのよ」と母は私,sometimes
855,49,召される,春を待たずに天に[PET_BOUNDARY]召された[PET_BOUNDARY]「幻のステイヤー」ブライトシンボリ所属 野平祐二厩舎生産 日高シンボリ牧場馬主,召された,1,春を待たずに天に召された「幻のステイヤー」ブライトシンボリ所属 野平祐二厩舎生産 日高シンボリ牧場馬主,sometimes
856,49,召される,われていたそうです。そして１９１８年のその孤独な生涯を終えました。マリオンが天に[PET_BOUNDARY]召された[PET_BOUNDARY]瞬間・・・それはセーシェルゾウガメがこの地球上からいなくなった瞬間でもあるので,召された,1,われていたそうです。そして１９１８年のその孤独な生涯を終えました。マリオンが天に召された瞬間・・・それはセーシェルゾウガメがこの地球上からいなくなった瞬間でもあるので,sometimes
857,49,召される,この三人がクリスチャンになりましたなら、いつ天に[PET_BOUNDARY]召されても[PET_BOUNDARY]よろしいです」 そしてわたしは、この三人に葉書を書いた。わたしがこんなに喜ん,召されても,1,この三人がクリスチャンになりましたなら、いつ天に召されてもよろしいです」 そしてわたしは、この三人に葉書を書いた。わたしがこんなに喜ん,sometimes
858,49,召される,そして昨年、メンバーのひとりであるｋｅｙのリック・ライトが癌により天に[PET_BOUNDARY]召されました[PET_BOUNDARY]。 デイヴ・ギルモアの雑誌等でのインタビューを読む限り、残った３人,召されました,1,そして昨年、メンバーのひとりであるｋｅｙのリック・ライトが癌により天に召されました。 デイヴ・ギルモアの雑誌等でのインタビューを読む限り、残った３人,sometimes
859,49,召される,ッキーとともにわが家の家族の一員になった子で、一年間の闘病生活ののち十五才で天に[PET_BOUNDARY]召された[PET_BOUNDARY]子。光命は、わが家の庭にフラフラと入りこんできた子で、保護後に推定した年齢は十,召された,1,ッキーとともにわが家の家族の一員になった子で、一年間の闘病生活ののち十五才で天に召された子。光命は、わが家の庭にフラフラと入りこんできた子で、保護後に推定した年齢は十,sometimes
860,49,召される,とリキを信じ、夢みていたのです。私たちは「リキ」を最後まで看取ろうと思った天国に[PET_BOUNDARY]召された[PET_BOUNDARY]日 三月十三日の午後二時ちょっとすぎ、勤め先の私の電話が鳴りました。妻の声でし,召された,1,とリキを信じ、夢みていたのです。私たちは「リキ」を最後まで看取ろうと思った天国に召された日 三月十三日の午後二時ちょっとすぎ、勤め先の私の電話が鳴りました。妻の声でし,sometimes
861,50,安らかに眠る,あっても、タツヤがだれよりも猫をかわいがっていることは、彼のふところにあつまって[PET_BOUNDARY]安らかに眠る[PET_BOUNDARY]猫たちの姿をみてわかる気がした。 兄弟のような仲間たちにかこまれ、ぶつかったり,安らかに眠る,0,あっても、タツヤがだれよりも猫をかわいがっていることは、彼のふところにあつまって安らかに眠る猫たちの姿をみてわかる気がした。 兄弟のような仲間たちにかこまれ、ぶつかったり,sometimes
862,50,安らかに眠る,くれ。きみはどこにいるんだ。おしえてくれさえしたら、ぼくの腕に抱き取って、きみを[PET_BOUNDARY]安らかに眠らせて[PET_BOUNDARY]あげよう」 枕に耳を押しつけて何度も何度も語りかけているうちに暗い眠りの中,安らかに眠らせて,0,くれ。きみはどこにいるんだ。おしえてくれさえしたら、ぼくの腕に抱き取って、きみを安らかに眠らせてあげよう」 枕に耳を押しつけて何度も何度も語りかけているうちに暗い眠りの中,sometimes
863,50,安らかに眠る,す」 「水は？」 「飲みません」 「ご飯も、それじゃ食べないな」 「横になって、[PET_BOUNDARY]安らかに眠って[PET_BOUNDARY]います」 実際、その時ビッキは、何も食わず、何も飲まずに、安らかに眠っていた,安らかに眠って,0,す」 「水は？」 「飲みません」 「ご飯も、それじゃ食べないな」 「横になって、安らかに眠っています」 実際、その時ビッキは、何も食わず、何も飲まずに、安らかに眠っていた,sometimes
864,50,安らかに眠る,す」 「水は？」 「飲みません」 「ご飯も、それじゃ食べないな」 「横になって、安らかに眠っています」 実際、その時ビッキは、何も食わず、何も飲まずに、[PET_BOUNDARY]安らかに眠って[PET_BOUNDARY]いた,安らかに眠って,0,す」 「水は？」 「飲みません」 「ご飯も、それじゃ食べないな」 「横になって、安らかに眠っています」 実際、その時ビッキは、何も食わず、何も飲まずに、安らかに眠っていた,sometimes
865,50,安らかに眠る,市議会の議長も何の気がかりもなく愛人とベッドにもぐりこみ、[PET_BOUNDARY]安らかに眠る[PET_BOUNDARY]ことができたのである。,安らかに眠る,0,市議会の議長も何の気がかりもなく愛人とベッドにもぐりこみ、安らかに眠ることができたのである。,sometimes
866,50,安らかに眠る,、もしかしたら精一もいっしょに飛行機に乗っていたかもしれない》 わたしの腕の中で[PET_BOUNDARY]安らかに眠る[PET_BOUNDARY]夏子を見つめて、そう思った。 その日から翌日にかけて、精一は一日中ロッジに詰め,安らかに眠る,0,、もしかしたら精一もいっしょに飛行機に乗っていたかもしれない》 わたしの腕の中で安らかに眠る夏子を見つめて、そう思った。 その日から翌日にかけて、精一は一日中ロッジに詰め,sometimes
867,50,安らかに眠る,ジルに何かが起こったのですか」 「いいえ、まだ大丈夫よ。ジルはまだあの邸の地下で[PET_BOUNDARY]安らかに眠って[PET_BOUNDARY]いるわ。でも…」 「でも？」 マダムが二度も使った“まだ”という言葉に不安を,安らかに眠って,0,ジルに何かが起こったのですか」 「いいえ、まだ大丈夫よ。ジルはまだあの邸の地下で安らかに眠っているわ。でも…」 「でも？」 マダムが二度も使った“まだ”という言葉に不安を,sometimes
868,50,安らかに眠る,あなたは私の胸元で[PET_BOUNDARY]安らかに眠り[PET_BOUNDARY]続けている。,安らかに眠り,0,あなたは私の胸元で安らかに眠り続けている。,sometimes
869,50,安らかに眠る,しているので実技のみの再受験です。そのおかげで朝はゆっくりレスト・イン・ピース（[PET_BOUNDARY]安らかに眠る[PET_BOUNDARY]）させてもらいました。ってか、家を出る前に同じクラスのタマテ君から電話があった,安らかに眠る,0,しているので実技のみの再受験です。そのおかげで朝はゆっくりレスト・イン・ピース（安らかに眠る）させてもらいました。ってか、家を出る前に同じクラスのタマテ君から電話があった,sometimes
870,50,安らかに眠る,行くことへのわだかまりがあった。原因が納得出来ない事故で、五百二十名の犠牲者が、[PET_BOUNDARY]安らかに眠れる[PET_BOUNDARY]はずがない。それならば、会社の指示を待つのではなく、自分らが率先して御霊の安,安らかに眠れる,1,行くことへのわだかまりがあった。原因が納得出来ない事故で、五百二十名の犠牲者が、安らかに眠れるはずがない。それならば、会社の指示を待つのではなく、自分らが率先して御霊の安,sometimes
871,50,安らかに眠る,あれ以上、夫を傷つけたくない。どうやっても助からないとわかっているなら、なるべく[PET_BOUNDARY]安らかに眠らせて[PET_BOUNDARY]やりたい。そう思う日もあったのだ。 「僕は疲れたから眠るよ。ママも早く帰っ,安らかに眠らせて,1,あれ以上、夫を傷つけたくない。どうやっても助からないとわかっているなら、なるべく安らかに眠らせてやりたい。そう思う日もあったのだ。 「僕は疲れたから眠るよ。ママも早く帰っ,sometimes
872,50,安らかに眠る,きの話だ。そのときはじめてすべての疑惑が解かれ、死者が埋葬されて、さまよえる霊も[PET_BOUNDARY]安らかに眠る[PET_BOUNDARY]ことができる。 この町を去るころには真実が見いだされているに違いない。アリス・,安らかに眠る,1,きの話だ。そのときはじめてすべての疑惑が解かれ、死者が埋葬されて、さまよえる霊も安らかに眠ることができる。 この町を去るころには真実が見いだされているに違いない。アリス・,sometimes
873,50,安らかに眠る,だな。―失礼して、先に霊安室へ行ってきたよ。いろいろあって、大変だったが、いまは[PET_BOUNDARY]安らかに眠って[PET_BOUNDARY]おった。まるで生きとるようだ。エンバーミングはやっぱり、ジェイムズかな？ い,安らかに眠って,1,だな。―失礼して、先に霊安室へ行ってきたよ。いろいろあって、大変だったが、いまは安らかに眠っておった。まるで生きとるようだ。エンバーミングはやっぱり、ジェイムズかな？ い,sometimes
874,50,安らかに眠る,’０２年８月、竹田監督は他界されました。[PET_BOUNDARY]安らかに眠られる[PET_BOUNDARY]ことを心よりお祈り申し上げます。ここでもまかり通る理不尽な命令 意気揚々と,安らかに眠られる,1,’０２年８月、竹田監督は他界されました。安らかに眠られることを心よりお祈り申し上げます。ここでもまかり通る理不尽な命令 意気揚々と,sometimes
875,50,安らかに眠る,信用しないのか？ あれは慣れていないウォーターズの見間違いさ。故人はいまごろ墓で[PET_BOUNDARY]安らかに眠ってるよ[PET_BOUNDARY]。死やにをうまく伸ばしといたから目蓋もしっかり閉じてるさ」 「死やに？」,安らかに眠ってるよ,1,信用しないのか？ あれは慣れていないウォーターズの見間違いさ。故人はいまごろ墓で安らかに眠ってるよ。死やにをうまく伸ばしといたから目蓋もしっかり閉じてるさ」 「死やに？」,sometimes
876,50,安らかに眠る,ています、鳥たちもまだ山に戻って来ていないのか、さえずりは聞えませんが、お嬢様が[PET_BOUNDARY]安らかに眠って[PET_BOUNDARY]おられることを願っています」 岡部はそう吹き込むと、一旦、スイッチを切った。,安らかに眠って,0,ています、鳥たちもまだ山に戻って来ていないのか、さえずりは聞えませんが、お嬢様が安らかに眠っておられることを願っています」 岡部はそう吹き込むと、一旦、スイッチを切った。,sometimes
877,50,安らかに眠る,しまったように見えた。 映俊が最後に大きな声で三度唱えて、合掌した。 「どうぞ、[PET_BOUNDARY]安らかに眠って[PET_BOUNDARY]くだされ」 「成仏しとうぜや」 浦人たちの祈りが加わった。りんも波打ち際に行,安らかに眠って,1,しまったように見えた。 映俊が最後に大きな声で三度唱えて、合掌した。 「どうぞ、安らかに眠ってくだされ」 「成仏しとうぜや」 浦人たちの祈りが加わった。りんも波打ち際に行,sometimes
878,50,安らかに眠る,ジは思わずこう口走っていた。「だったら、イスラエルの王たちには、祖先の霊とともに[PET_BOUNDARY]安らかに眠る[PET_BOUNDARY]ことは許されませんね。わたしの記憶によれば、どの王も戦争ばかりしていたから」,安らかに眠る,1,ジは思わずこう口走っていた。「だったら、イスラエルの王たちには、祖先の霊とともに安らかに眠ることは許されませんね。わたしの記憶によれば、どの王も戦争ばかりしていたから」,sometimes
879,50,安らかに眠る,抗のままに倒れていた妻は、いったいだれに殺されたというのか。また、なにも知らず、[PET_BOUNDARY]安らかに眠って[PET_BOUNDARY]いるときに殺された子どもたちの無念を思うと、いまだに憤りを禁じ得ない。 夫が,安らかに眠って,1,抗のままに倒れていた妻は、いったいだれに殺されたというのか。また、なにも知らず、安らかに眠っているときに殺された子どもたちの無念を思うと、いまだに憤りを禁じ得ない。 夫が,sometimes
880,50,安らかに眠る,始め家族全員の献身的な看護のもと、故人もあらん限りの力を出し切ってしまい、本当に[PET_BOUNDARY]安らかに眠る[PET_BOUNDARY]ように息を引き取りました。 故人は、生前よく私に「母さんは商売に命を賭けている,安らかに眠る,1,始め家族全員の献身的な看護のもと、故人もあらん限りの力を出し切ってしまい、本当に安らかに眠るように息を引き取りました。 故人は、生前よく私に「母さんは商売に命を賭けている,sometimes
881,50,安らかに眠る,場合は、寝たきりになって人の世話になるのでなく、最後まで尊厳を保った生活を送り、[PET_BOUNDARY]安らかに眠るがごとく[PET_BOUNDARY]一生を終えることこそ、最高のＱＯＬであるといえるのではないでしょうか。,安らかに眠るがごとく,1,場合は、寝たきりになって人の世話になるのでなく、最後まで尊厳を保った生活を送り、安らかに眠るがごとく一生を終えることこそ、最高のＱＯＬであるといえるのではないでしょうか。,sometimes
882,50,安らかに眠る,。 本当に、最近多いです… カワイソウに。。。こういう形は辛いですね。 合掌。[PET_BOUNDARY]安らかに眠って[PET_BOUNDARY]下さい。,安らかに眠って,1,。 本当に、最近多いです… カワイソウに。。。こういう形は辛いですね。 合掌。安らかに眠って下さい。,sometimes
883,50,安らかに眠る,事が山ほどあって、大変な年でした。富小路さんは、何もしないで逝ってしまって、いま[PET_BOUNDARY]安らかに眠って[PET_BOUNDARY]います。でも私たちが如何に苦労したか見ていてくれると思っています。」と、さら,安らかに眠って,1,事が山ほどあって、大変な年でした。富小路さんは、何もしないで逝ってしまって、いま安らかに眠っています。でも私たちが如何に苦労したか見ていてくれると思っています。」と、さら,sometimes
1053,61,不自由,ないか〉という論理に頼って、「退位の[PET_BOUNDARY]不自由[PET_BOUNDARY]」を合憲だと帰結する。 このほかにも「不自由」を合憲化する理由づけは、きっともっとほかにもあるに違いない。どちらにしても、し,不自由,0,ないか〉という論理に頼って、「退位の不自由」を合憲だと帰結する。 このほかにも「不自由」を合憲化する理由づけは、きっともっとほかにもあるに違いない。どちらにしても、し,sometimes
1054,61,不自由,ないか〉という論理に頼って、「退位の不自由」を合憲だと帰結する。 このほかにも「[PET_BOUNDARY]不自由[PET_BOUNDARY]」を合憲化する理由づけは、きっともっとほかにもあるに違いない。どちらにしても、し,不自由,0,ないか〉という論理に頼って、「退位の不自由」を合憲だと帰結する。 このほかにも「不自由」を合憲化する理由づけは、きっともっとほかにもあるに違いない。どちらにしても、し,sometimes
1055,61,不自由,祈りを合唱する。この日の食事はベトナム風の豚肉サラダと野菜スープだ。中・日本語が[PET_BOUNDARY]不自由な[PET_BOUNDARY]難民と医師の橋渡しをするニンさん（中央）と治療を受けるトゥンさん（右）。下・近,不自由な,0,祈りを合唱する。この日の食事はベトナム風の豚肉サラダと野菜スープだ。中・日本語が不自由な難民と医師の橋渡しをするニンさん（中央）と治療を受けるトゥンさん（右）。下・近,sometimes
1056,61,不自由,船着き場で客を降ろしながら、てつがはまん、とか隠しことばをいう。このお客はお金に[PET_BOUNDARY]不自由[PET_BOUNDARY]しとる、って意味らしいんです。大夫は、ならば儲けは少ないな、と考える。ですからね,不自由,0,船着き場で客を降ろしながら、てつがはまん、とか隠しことばをいう。このお客はお金に不自由しとる、って意味らしいんです。大夫は、ならば儲けは少ないな、と考える。ですからね,sometimes
1057,61,不自由,れた。二人の間には、男の子が二人生まれていた。王宙は、塩商人として財をなし、なに[PET_BOUNDARY]不自由[PET_BOUNDARY]ない生活を送っていた。 王宙は、妻が最近塞ぎ込んでいるのに気がついた。姉の形見の,不自由,0,れた。二人の間には、男の子が二人生まれていた。王宙は、塩商人として財をなし、なに不自由ない生活を送っていた。 王宙は、妻が最近塞ぎ込んでいるのに気がついた。姉の形見の,sometimes
1058,61,不自由,のシャープな頭脳と鋭い目つきが印象的だ。「文化大革命」のなか、迫害を受けて両足が[PET_BOUNDARY]不自由に[PET_BOUNDARY]なり、車椅子の生活を強いられている。健康であれば、親の後を継いで政界でも大出世,不自由に,1,のシャープな頭脳と鋭い目つきが印象的だ。「文化大革命」のなか、迫害を受けて両足が不自由になり、車椅子の生活を強いられている。健康であれば、親の後を継いで政界でも大出世,sometimes
1059,61,不自由,きず迷った。 ゴロゴロ会館での公演は「天国と地獄」というタイトルで、僕の役は足の[PET_BOUNDARY]不自由な[PET_BOUNDARY]学生だった。 前の舞台のときより家族的で、打ち上げのとき、思わず涙が出たほどだ,不自由な,1,きず迷った。 ゴロゴロ会館での公演は「天国と地獄」というタイトルで、僕の役は足の不自由な学生だった。 前の舞台のときより家族的で、打ち上げのとき、思わず涙が出たほどだ,sometimes
1060,61,不自由,ろうか。 「子育て」というものに対し、自分自身がなんとなく抱いていた窮屈な感じ、[PET_BOUNDARY]不自由な[PET_BOUNDARY]感じ、自律の及ばない領域という感じ。そうした「違和感」を、少しでも解きほぐして,不自由な,0,ろうか。 「子育て」というものに対し、自分自身がなんとなく抱いていた窮屈な感じ、不自由な感じ、自律の及ばない領域という感じ。そうした「違和感」を、少しでも解きほぐして,sometimes
1061,61,不自由,るということに対する身構えがいっぺんにほぐれた感じがした。その感じは、今ことばに[PET_BOUNDARY]不自由[PET_BOUNDARY]している人たちにとっても、ほぼ同じような発見であるようだ。（ｄ） そこで、息の流,不自由,1,るということに対する身構えがいっぺんにほぐれた感じがした。その感じは、今ことばに不自由している人たちにとっても、ほぼ同じような発見であるようだ。（ｄ） そこで、息の流,sometimes
1062,61,不自由,遠くなったり、近くなったりするのを感じているうちに、また息苦しさが増してくる。[PET_BOUNDARY]不自由な[PET_BOUNDARY]姿勢のままでいることは、つらいけれど、今はまだ、どうすることもできない。結果的,不自由な,0,遠くなったり、近くなったりするのを感じているうちに、また息苦しさが増してくる。不自由な姿勢のままでいることは、つらいけれど、今はまだ、どうすることもできない。結果的,sometimes
1063,61,不自由,見る目つき…。 そこで、英樹が口を開いた。 「彼の右手の人さし指は、そのころから[PET_BOUNDARY]不自由だった[PET_BOUNDARY]？」 二代目は、首を横にふった。 「いや、当時は、あの指も自由に動いてまし,不自由だった,1,見る目つき…。 そこで、英樹が口を開いた。 「彼の右手の人さし指は、そのころから不自由だった？」 二代目は、首を横にふった。 「いや、当時は、あの指も自由に動いてまし,sometimes
1064,61,不自由,っているのかもしれません。しかし彼は帰京後まもなく病を得ていたらしく、その身体の[PET_BOUNDARY]不自由からも[PET_BOUNDARY]郷愁はいっそう切実なのでしょう。 旅人の郷愁はもともと、平城の佐保の自邸に,不自由からも,1,っているのかもしれません。しかし彼は帰京後まもなく病を得ていたらしく、その身体の不自由からも郷愁はいっそう切実なのでしょう。 旅人の郷愁はもともと、平城の佐保の自邸に,sometimes
1065,61,不自由,まだ。夜は書かないことに決めている。 小説家という職業的自由と引きかえに、経済的[PET_BOUNDARY]不自由にも[PET_BOUNDARY]たえられなければならない。いまどき、だれが小説など読むものか。世の中、刺激と,不自由にも,0,まだ。夜は書かないことに決めている。 小説家という職業的自由と引きかえに、経済的不自由にもたえられなければならない。いまどき、だれが小説など読むものか。世の中、刺激と,sometimes
1066,61,不自由,ゃならねえ」 皆は笑った。「その気になりゃ江戸城の御金蔵にだって押し込める。金に[PET_BOUNDARY]不自由の[PET_BOUNDARY]ねえ身だ」 負けずに徳兵衛は言い返した。それがただの強がりではないのが徳兵衛の,不自由の,0,ゃならねえ」 皆は笑った。「その気になりゃ江戸城の御金蔵にだって押し込める。金に不自由のねえ身だ」 負けずに徳兵衛は言い返した。それがただの強がりではないのが徳兵衛の,sometimes
1067,61,不自由,の日記』の世界初のアニメ映画。いつ捕らえられるかわからない恐怖に怯える隠れ家での[PET_BOUNDARY]不自由な[PET_BOUNDARY]生活。そんな中でも明るさや希望を失わず、ひたむきに生きたアンネの姿を力強く描き,不自由な,0,の日記』の世界初のアニメ映画。いつ捕らえられるかわからない恐怖に怯える隠れ家での不自由な生活。そんな中でも明るさや希望を失わず、ひたむきに生きたアンネの姿を力強く描き,sometimes
1068,61,不自由,って指は三本しかないなんて[PET_BOUNDARY]不自由だろうなあ[PET_BOUNDARY]、って皆さん思うでしょう。でもね、全然不自由なんかじゃないのよ、私。何でもできるんですもの。りんごは丸くぐるぐる皮をむくもん,不自由だろうなあ,0,って指は三本しかないなんて不自由だろうなあ、って皆さん思うでしょう。でもね、全然不自由なんかじゃないのよ、私。何でもできるんですもの。りんごは丸くぐるぐる皮をむくもん,sometimes
1069,61,不自由,って指は三本しかないなんて不自由だろうなあ、って皆さん思うでしょう。でもね、全然[PET_BOUNDARY]不自由なんかじゃ[PET_BOUNDARY]ないのよ、私。何でもできるんですもの。りんごは丸くぐるぐる皮をむくもん,不自由なんかじゃ,0,って指は三本しかないなんて不自由だろうなあ、って皆さん思うでしょう。でもね、全然不自由なんかじゃないのよ、私。何でもできるんですもの。りんごは丸くぐるぐる皮をむくもん,sometimes
1070,61,不自由,とつない。倒れてから十年の母の人生は困難そのものだった。そしてまたこのホームで、[PET_BOUNDARY]不自由な[PET_BOUNDARY]身体で言葉を失ったまま、介護される人生が続く。悲しくてもつらくても、運命として,不自由な,1,とつない。倒れてから十年の母の人生は困難そのものだった。そしてまたこのホームで、不自由な身体で言葉を失ったまま、介護される人生が続く。悲しくてもつらくても、運命として,sometimes
1071,61,不自由,きることではない、ということ。 それに、二人暮らしには、心と懐の安心はあっても、[PET_BOUNDARY]不自由と[PET_BOUNDARY]不便さもある。 さあ、どちらがましなのだろう。 相手次第と言いたいが、自らの努,不自由と,0,きることではない、ということ。 それに、二人暮らしには、心と懐の安心はあっても、不自由と不便さもある。 さあ、どちらがましなのだろう。 相手次第と言いたいが、自らの努,sometimes
1072,61,不自由,れ、てあんご指示らとわしは受取りました。 たしかにこれまで、佐穂さんがいねば烈も[PET_BOUNDARY]不自由[PET_BOUNDARY]したでしょし、もしかしっと育たねかったかもしれんね。 そしてこれからも、烈は佐穂,不自由,0,れ、てあんご指示らとわしは受取りました。 たしかにこれまで、佐穂さんがいねば烈も不自由したでしょし、もしかしっと育たねかったかもしれんね。 そしてこれからも、烈は佐穂,sometimes
1073,61,不自由,た。一年このかた見てきたところ、彼の腰から下はまったく感覚がありません（大小便も[PET_BOUNDARY]不自由です[PET_BOUNDARY]）が、機能はまだ完全には失われていないようです。また、聞くところによると、病,不自由です,1,た。一年このかた見てきたところ、彼の腰から下はまったく感覚がありません（大小便も不自由です）が、機能はまだ完全には失われていないようです。また、聞くところによると、病,sometimes
1074,61,不自由,、夫の正則に話すと、大反対された。彼の言い分は、こうだった。 「俺は、お前に何も[PET_BOUNDARY]不自由な[PET_BOUNDARY]思いをさせた覚えはない。欲しいというものは、すべて買い与えてきた。お手伝いさん,不自由な,0,、夫の正則に話すと、大反対された。彼の言い分は、こうだった。 「俺は、お前に何も不自由な思いをさせた覚えはない。欲しいというものは、すべて買い与えてきた。お手伝いさん,sometimes
1075,61,不自由,のは、武嗣郎が脳出血の発作で倒れてからだ。病いに倒れて以来、武嗣郎は左腕、左足が[PET_BOUNDARY]不自由に[PET_BOUNDARY]なった。昭和四十二年の第三十一回総選挙のときは、三人の息子たちが後援会の推薦を,不自由に,1,のは、武嗣郎が脳出血の発作で倒れてからだ。病いに倒れて以来、武嗣郎は左腕、左足が不自由になった。昭和四十二年の第三十一回総選挙のときは、三人の息子たちが後援会の推薦を,sometimes
1076,61,不自由,か結婚して落ち着きたいと思っている。しかし現在のところ、恋人やボーイフレンドには[PET_BOUNDARY]不自由[PET_BOUNDARY]していない。それは相手が独身男性であろうと、妻子ある男性であろうと、こちら側のつ,不自由,0,か結婚して落ち着きたいと思っている。しかし現在のところ、恋人やボーイフレンドには不自由していない。それは相手が独身男性であろうと、妻子ある男性であろうと、こちら側のつ,sometimes
1077,61,不自由,多数目にします。聞くところによると、食料を含む援助物資が届かない方々も多く、大変[PET_BOUNDARY]不自由な[PET_BOUNDARY]避難生活を送られているようです。イトーヨーカドーやセブンイレブン等の民間企業が,不自由な,0,多数目にします。聞くところによると、食料を含む援助物資が届かない方々も多く、大変不自由な避難生活を送られているようです。イトーヨーカドーやセブンイレブン等の民間企業が,sometimes
1078,61,不自由,疇に属する皇族の身分離脱」を許さないとする規定（第六条）である。「天皇の退位」の[PET_BOUNDARY]不自由と[PET_BOUNDARY]「皇族の身分離脱」の不自由とは形は異なるが、実質的には同根である。したがって、,不自由と,0,疇に属する皇族の身分離脱」を許さないとする規定（第六条）である。「天皇の退位」の不自由と「皇族の身分離脱」の不自由とは形は異なるが、実質的には同根である。したがって、,sometimes
1079,61,不自由,疇に属する皇族の身分離脱」を許さないとする規定（第六条）である。「天皇の退位」の不自由と「皇族の身分離脱」の[PET_BOUNDARY]不自由とは[PET_BOUNDARY]形は異なるが、実質的には同根である。したがって、,不自由とは,0,疇に属する皇族の身分離脱」を許さないとする規定（第六条）である。「天皇の退位」の不自由と「皇族の身分離脱」の不自由とは形は異なるが、実質的には同根である。したがって、,sometimes
1080,61,不自由,難を避けた。そして、そこでも福音を告げ知らせていた。リストラで リストラに、足の[PET_BOUNDARY]不自由な[PET_BOUNDARY]男が座っていた。生まれつき足が悪く、まだ一度も歩いたことがなかった。この人が、,不自由な,1,難を避けた。そして、そこでも福音を告げ知らせていた。リストラで リストラに、足の不自由な男が座っていた。生まれつき足が悪く、まだ一度も歩いたことがなかった。この人が、,sometimes
1081,61,不自由,は戸次鑑連）とともに、大友家を背負う重鎮であった。 道雪は、子供のころ落雷で足を[PET_BOUNDARY]不自由に[PET_BOUNDARY]していたが、生涯四十回におよぶ合戦で、一度も負けたことのない猛者であった。ただ,不自由に,1,は戸次鑑連）とともに、大友家を背負う重鎮であった。 道雪は、子供のころ落雷で足を不自由にしていたが、生涯四十回におよぶ合戦で、一度も負けたことのない猛者であった。ただ,sometimes
1082,61,不自由,やう。こちらは皆々大元気、みどりも貴美子も仲よくあばれています。私も大元気。何の[PET_BOUNDARY]不自由も[PET_BOUNDARY]変わつた事もありません。この手紙のつくのは多分正月の十日か十一日ごろでしやう。,不自由も,0,やう。こちらは皆々大元気、みどりも貴美子も仲よくあばれています。私も大元気。何の不自由も変わつた事もありません。この手紙のつくのは多分正月の十日か十一日ごろでしやう。,sometimes
1083,61,不自由,。この茂六が、自分の息子のように銀四郎を可愛がっている。 だから、銀四郎は金には[PET_BOUNDARY]不自由は[PET_BOUNDARY]しなかった。もちろん、博奕を打つというわけでもないし、女にいれあげることもない,不自由は,0,。この茂六が、自分の息子のように銀四郎を可愛がっている。 だから、銀四郎は金には不自由はしなかった。もちろん、博奕を打つというわけでもないし、女にいれあげることもない,sometimes
1084,61,不自由,多くの家にはクーラーはありませんでした。当時の生活をそのまま維持していると思えば[PET_BOUNDARY]不自由は[PET_BOUNDARY]ありません。（昭和４８年は、日本熱学という会社が、新珠美千代さんを使って貸クー,不自由は,0,多くの家にはクーラーはありませんでした。当時の生活をそのまま維持していると思えば不自由はありません。（昭和４８年は、日本熱学という会社が、新珠美千代さんを使って貸クー,sometimes
1085,61,不自由,歳の誕生日です。３歳と、６歳の兄がいる為、おもちゃ（ビデオ・ＤＶＤも含んで）には[PET_BOUNDARY]不自由[PET_BOUNDARY]していません。お人形でも遊ばないし・・・誕生日プレゼント何がいいんでしょう？子供,不自由,0,歳の誕生日です。３歳と、６歳の兄がいる為、おもちゃ（ビデオ・ＤＶＤも含んで）には不自由していません。お人形でも遊ばないし・・・誕生日プレゼント何がいいんでしょう？子供,sometimes
1086,61,不自由,た。宗春の経済政策は有名だ。かれは、「上が先頭に立って、ぜいたくを禁止し、国民に[PET_BOUNDARY]不自由な[PET_BOUNDARY]生活を強いれば、経済はいよいよ発展しなくなる。国内には不況の風が吹きまくり、国,不自由な,0,た。宗春の経済政策は有名だ。かれは、「上が先頭に立って、ぜいたくを禁止し、国民に不自由な生活を強いれば、経済はいよいよ発展しなくなる。国内には不況の風が吹きまくり、国,sometimes
1087,61,不自由,しこまれるような激痛がした。ギプスも申し訳にしているようだと思う。どちらにしても[PET_BOUNDARY]不自由な[PET_BOUNDARY]身体になってしまった。たとえ完治しても満足に歩けまい。立つ事だって出来ないかも,不自由な,1,しこまれるような激痛がした。ギプスも申し訳にしているようだと思う。どちらにしても不自由な身体になってしまった。たとえ完治しても満足に歩けまい。立つ事だって出来ないかも,sometimes
1088,61,不自由,就いた。 寺内も長州閥の軍人である。 箱館戦争に参戦し、西南戦争で負傷し、右手が[PET_BOUNDARY]不自由だった[PET_BOUNDARY]。フランスに留学し、陸軍士官学校長、初代教育総監、参謀本部長などを歴任し、,不自由だった,1,就いた。 寺内も長州閥の軍人である。 箱館戦争に参戦し、西南戦争で負傷し、右手が不自由だった。フランスに留学し、陸軍士官学校長、初代教育総監、参謀本部長などを歴任し、,sometimes
1089,61,不自由,です。もともとの階級を二つ特進させて待遇し、月給もくれるというのです。食い物には[PET_BOUNDARY]不自由[PET_BOUNDARY]させないといくら念を押されても、事が事だけに誰も誘いにはのりません。そこで八路軍,不自由,0,です。もともとの階級を二つ特進させて待遇し、月給もくれるというのです。食い物には不自由させないといくら念を押されても、事が事だけに誰も誘いにはのりません。そこで八路軍,sometimes
1090,61,不自由,いい、恵まれない家庭に生まれた人は、必ずといってよいほど成功します。 反対に、何[PET_BOUNDARY]不自由[PET_BOUNDARY]ない家庭に生まれた人は、中年期に一度は挫折し苦労を背負い込んでしまいます。これだ,不自由,0,いい、恵まれない家庭に生まれた人は、必ずといってよいほど成功します。 反対に、何不自由ない家庭に生まれた人は、中年期に一度は挫折し苦労を背負い込んでしまいます。これだ,sometimes
1091,61,不自由,は真っ暗だったが、精霊使いである彼女は、人の目には見えない光を見ることができる。[PET_BOUNDARY]不自由[PET_BOUNDARY]しない程度に中の様子はうかがいしれた。 エスタスは、毛布を一枚かけて、長椅子に横,不自由,0,は真っ暗だったが、精霊使いである彼女は、人の目には見えない光を見ることができる。不自由しない程度に中の様子はうかがいしれた。 エスタスは、毛布を一枚かけて、長椅子に横,sometimes
1092,61,不自由,で腰を痛め、今も療養生活を送っています。父のために息子まで連座させられ、肉体的な[PET_BOUNDARY]不自由を[PET_BOUNDARY]耐え忍んでいるのをみて、私は心も張り裂けんばかりの思いでした。 末の息子は警察,不自由を,1,で腰を痛め、今も療養生活を送っています。父のために息子まで連座させられ、肉体的な不自由を耐え忍んでいるのをみて、私は心も張り裂けんばかりの思いでした。 末の息子は警察,sometimes
1093,61,不自由,家の狭い曲がった階段の上り下りはまことにご不便で申訳がない。夜中の小用の場合のご[PET_BOUNDARY]不自由が[PET_BOUNDARY]思われる。 「かまいませんよ、何なら、屋根にでもナニして下さって―」など、瀏が,不自由が,0,家の狭い曲がった階段の上り下りはまことにご不便で申訳がない。夜中の小用の場合のご不自由が思われる。 「かまいませんよ、何なら、屋根にでもナニして下さって―」など、瀏が,sometimes
1094,61,不自由,まや志摩についでのロシア語通になっていた。わずか二カ月たらずで日常会話にまったく[PET_BOUNDARY]不自由[PET_BOUNDARY]しないほど上達してしまっている。こういう極端な上達ぶりは通常ではあり得ない。だた,不自由,0,まや志摩についでのロシア語通になっていた。わずか二カ月たらずで日常会話にまったく不自由しないほど上達してしまっている。こういう極端な上達ぶりは通常ではあり得ない。だた,sometimes
1095,61,不自由,重い荷物はなるべく持たないに越したことはありません。 アメリカの障害者の中には、[PET_BOUNDARY]不自由な[PET_BOUNDARY]部分は世話を受けてクリアしてしまおう、という考え方が出てきています。たとえば重,不自由な,1,重い荷物はなるべく持たないに越したことはありません。 アメリカの障害者の中には、不自由な部分は世話を受けてクリアしてしまおう、という考え方が出てきています。たとえば重,sometimes
1096,61,不自由,由・選挙など政治活動の自由、その他の自由・権利の包括的な剥奪を意味する。「退位の[PET_BOUNDARY]不自由[PET_BOUNDARY]」は、ふつうの人間が享有している権利保障体系の恵沢そのものへの制約とさえ言える。,不自由,0,由・選挙など政治活動の自由、その他の自由・権利の包括的な剥奪を意味する。「退位の不自由」は、ふつうの人間が享有している権利保障体系の恵沢そのものへの制約とさえ言える。,sometimes
1097,61,不自由,、食事をしてもらいたいんだ」「私にできるかしら？」「簡単だよ。確かに奴等は体は、[PET_BOUNDARY]不自由だけれど[PET_BOUNDARY]、精神的にはおまえらと同じだよ。だからさ普通につきあえばいいんだよ。」「,不自由だけれど,1,、食事をしてもらいたいんだ」「私にできるかしら？」「簡単だよ。確かに奴等は体は、不自由だけれど、精神的にはおまえらと同じだよ。だからさ普通につきあえばいいんだよ。」「,sometimes
1233,68,金魚のフン,で、最もまともな閣僚だと思う。 例えば、これまでの日本外交は端的に言えば、米国の[PET_BOUNDARY]金魚のフンだ[PET_BOUNDARY]。米国べったりで独自の姿勢を持たなかった。しかし、世界的な潮流では、米国は国連,金魚のフンだ,1,で、最もまともな閣僚だと思う。 例えば、これまでの日本外交は端的に言えば、米国の金魚のフンだ。米国べったりで独自の姿勢を持たなかった。しかし、世界的な潮流では、米国は国連,sometimes
1234,68,金魚のフン,、プリ…プリ…プリセプタシップと言うんだそうですが、二・三年先輩の看護婦のあとを[PET_BOUNDARY]金魚のフンの[PET_BOUNDARY]ようについて歩いて、仕事を覚えていくのだそうです。えりぃの指導にあたってくれる,金魚のフンの,1,、プリ…プリ…プリセプタシップと言うんだそうですが、二・三年先輩の看護婦のあとを金魚のフンのようについて歩いて、仕事を覚えていくのだそうです。えりぃの指導にあたってくれる,sometimes
1235,68,金魚のフン,を秒きざみで計画するの。 だから Ｚ子ちゃんと遊びに行くときは ほんと楽チン。[PET_BOUNDARY]金魚のフン[PET_BOUNDARY]みたいに ついていけば その先にいつも とんでもないおもしろいイベントが待ってる,金魚のフン,1,を秒きざみで計画するの。 だから Ｚ子ちゃんと遊びに行くときは ほんと楽チン。金魚のフンみたいに ついていけば その先にいつも とんでもないおもしろいイベントが待ってる,sometimes
1236,68,金魚のフン,けれど、モスクワのオリンピックの時、アメリカが出場をボイコットした。日本も続けて[PET_BOUNDARY]金魚のフンの[PET_BOUNDARY]ようにボイコットしたけれど、その時の理由というのが当時のソ連のアフガニスタンへ,金魚のフンの,1,けれど、モスクワのオリンピックの時、アメリカが出場をボイコットした。日本も続けて金魚のフンのようにボイコットしたけれど、その時の理由というのが当時のソ連のアフガニスタンへ,sometimes
1237,68,金魚のフン,ヶ崎もちょっと毒気を抜かれたようだ。 「なんだね、あんたたちは！」 警部の後ろに[PET_BOUNDARY]金魚のフン[PET_BOUNDARY]みたいについてきた、味子と三九郎をにらみつけた。 「ブン屋ならとっとと…」 「違,金魚のフン,1,ヶ崎もちょっと毒気を抜かれたようだ。 「なんだね、あんたたちは！」 警部の後ろに金魚のフンみたいについてきた、味子と三九郎をにらみつけた。 「ブン屋ならとっとと…」 「違,sometimes
1238,68,金魚のフン,随ではなく、独自の外交で世界と手を結んで行くべきだと思う。 その点、田中外相は「[PET_BOUNDARY]金魚のフン[PET_BOUNDARY]」であることを良しとしない気概がある。日米安保やミサイル防衛システムなどへの感覚,金魚のフン,1,随ではなく、独自の外交で世界と手を結んで行くべきだと思う。 その点、田中外相は「金魚のフン」であることを良しとしない気概がある。日米安保やミサイル防衛システムなどへの感覚,sometimes
1239,68,金魚のフン,ょう！ お姉ちゃんは、いつだって、お兄ちゃんばかりかわいがって…私のことなんて、[PET_BOUNDARY]金魚のフンぐらいにしか[PET_BOUNDARY]思ってくれてなかったのよね…ひどい…ひどいよッ」「そ、そんなことない,金魚のフンぐらいにしか,1,ょう！ お姉ちゃんは、いつだって、お兄ちゃんばかりかわいがって…私のことなんて、金魚のフンぐらいにしか思ってくれてなかったのよね…ひどい…ひどいよッ」「そ、そんなことない,sometimes
1240,68,金魚のフン,魚とヤマトエビ（？）を同じ水槽で飼育しています。今始めて気付いたのですが、エビが[PET_BOUNDARY]金魚のフンを[PET_BOUNDARY]食べています。多分 今までも食べていたんだと思います。これは そんなにおかしい,金魚のフンを,0,魚とヤマトエビ（？）を同じ水槽で飼育しています。今始めて気付いたのですが、エビが金魚のフンを食べています。多分 今までも食べていたんだと思います。これは そんなにおかしい,sometimes
1308,73,繊細,すか？ぜひ意見を聞かせて下さい。そういうことは、よくあることです。あなたが素直な[PET_BOUNDARY]繊細な[PET_BOUNDARY]人だから、当然のことでしょう。確か寺山修治の作品にも、絵に描いた女性に恋をする,繊細な,1,すか？ぜひ意見を聞かせて下さい。そういうことは、よくあることです。あなたが素直な繊細な人だから、当然のことでしょう。確か寺山修治の作品にも、絵に描いた女性に恋をする,sometimes
1309,73,繊細,する根深い嫌悪感が彼にはあったように思う。 乱暴ではあるけれど、それが、シャイで[PET_BOUNDARY]繊細な[PET_BOUNDARY]神経からきていることは、付き合ううちによくわかった。 やがて僕は、彼のすすめで,繊細な,1,する根深い嫌悪感が彼にはあったように思う。 乱暴ではあるけれど、それが、シャイで繊細な神経からきていることは、付き合ううちによくわかった。 やがて僕は、彼のすすめで,sometimes
1310,73,繊細,精神的なしがらみからくるものだと知るラッセルは、微妙に言葉を濁す。 お気の毒に、[PET_BOUNDARY]繊細[PET_BOUNDARY]そうな方だから…、とひとしきり同情すると、婦人は階下に降りていった。 毎朝、婦人,繊細,1,精神的なしがらみからくるものだと知るラッセルは、微妙に言葉を濁す。 お気の毒に、繊細そうな方だから…、とひとしきり同情すると、婦人は階下に降りていった。 毎朝、婦人,sometimes
1311,73,繊細,うので、彼女のおにいさんは、グンドラは「わめいている」といいます。彼女は心も体も[PET_BOUNDARY]繊細な[PET_BOUNDARY]子どもで、綿密な注意と愛情に満ちた理解が必要です。憂鬱質の子どもの扱い方 憂鬱,繊細な,1,うので、彼女のおにいさんは、グンドラは「わめいている」といいます。彼女は心も体も繊細な子どもで、綿密な注意と愛情に満ちた理解が必要です。憂鬱質の子どもの扱い方 憂鬱,sometimes
1312,73,繊細,えてしまっていて、それに彼女自身が気づいてなかったのかもしれません。 女性は大変[PET_BOUNDARY]繊細で[PET_BOUNDARY]直感力が強いので、善くも悪くも、職場全体の雰囲気が個人に、または個人のエネルギ,繊細で,1,えてしまっていて、それに彼女自身が気づいてなかったのかもしれません。 女性は大変繊細で直感力が強いので、善くも悪くも、職場全体の雰囲気が個人に、または個人のエネルギ,sometimes
1313,73,繊細,しば起きるかも知れませんよ。それでも好きなら黙って支えてあげましょう。彼はとても[PET_BOUNDARY]繊細な[PET_BOUNDARY]人なのだと思います。彼の性格は変りませんよ？貴方が疲れたら別れ時です。,繊細な,1,しば起きるかも知れませんよ。それでも好きなら黙って支えてあげましょう。彼はとても繊細な人なのだと思います。彼の性格は変りませんよ？貴方が疲れたら別れ時です。,sometimes
1314,73,繊細,、「血の気の少ない人」。体温が低いから、たいてい青白い顔をしています。ナイーブで[PET_BOUNDARY]繊細[PET_BOUNDARY]、神経質で、まわりの目を気にしがち。 風邪を引くといつまでも長引いたり、季節の変,繊細,1,、「血の気の少ない人」。体温が低いから、たいてい青白い顔をしています。ナイーブで繊細、神経質で、まわりの目を気にしがち。 風邪を引くといつまでも長引いたり、季節の変,sometimes
1315,73,繊細,か…。 「ひょっとして圭祐くん、この結婚に反対だったのかもしれない…」 「そんな[PET_BOUNDARY]繊細な[PET_BOUNDARY]人じゃないよ」 時期的にはあってるかもしれないけど、そんなことに煩わされるタイ,繊細な,1,か…。 「ひょっとして圭祐くん、この結婚に反対だったのかもしれない…」 「そんな繊細な人じゃないよ」 時期的にはあってるかもしれないけど、そんなことに煩わされるタイ,sometimes
1316,73,繊細,軟弱なんだから！」 昴が偉そうに言うと、祖母のゆず子は首を振った。 「諒ちゃんは[PET_BOUNDARY]繊細なのよ[PET_BOUNDARY]。だから体だけじゃなく、精神的にもきっとまいってしまっているのよ」 「ええ,繊細なのよ,1,軟弱なんだから！」 昴が偉そうに言うと、祖母のゆず子は首を振った。 「諒ちゃんは繊細なのよ。だから体だけじゃなく、精神的にもきっとまいってしまっているのよ」 「ええ,sometimes
1317,73,繊細,矛盾した存在になること、日によってつぎつぎにいじのわるい人間、感情にもろい人間、[PET_BOUNDARY]繊細な[PET_BOUNDARY]人間、野卑な人間、無欲な人間、野心的な人間になることをなげかないようなものなの,繊細な,1,矛盾した存在になること、日によってつぎつぎにいじのわるい人間、感情にもろい人間、繊細な人間、野卑な人間、無欲な人間、野心的な人間になることをなげかないようなものなの,sometimes
1318,73,繊細,とえその動機が宗教的なものである場合でも、その細かい出来栄え―巧みなタッチ、線の[PET_BOUNDARY]繊細さや[PET_BOUNDARY]大胆さ、色の選択―は、神話にふさわしいかどうかばかりでなく、審美的な判断にも,繊細さや,0,とえその動機が宗教的なものである場合でも、その細かい出来栄え―巧みなタッチ、線の繊細さや大胆さ、色の選択―は、神話にふさわしいかどうかばかりでなく、審美的な判断にも,sometimes
1319,73,繊細,ボンで絞ってあるから、ネックラインにボリュームがでるんです￥６９００／クーデター[PET_BOUNDARY]繊細な[PET_BOUNDARY]レースがついてるボートネック。首元はシンプルアクセをつけて￥８９００／アナザー,繊細な,0,ボンで絞ってあるから、ネックラインにボリュームがでるんです￥６９００／クーデター繊細なレースがついてるボートネック。首元はシンプルアクセをつけて￥８９００／アナザー,sometimes
1320,73,繊細,７―「保護対策」ということばはペトルマンだけでなく、読者たちをもぞっとさせる。[PET_BOUNDARY]繊細で[PET_BOUNDARY]慈愛に満ちたペトルマンは先の引用に見られる思想のふくみについてはあえて論議しな,繊細で,0,７―「保護対策」ということばはペトルマンだけでなく、読者たちをもぞっとさせる。繊細で慈愛に満ちたペトルマンは先の引用に見られる思想のふくみについてはあえて論議しな,sometimes
1321,73,繊細,にもなにかできるでしょうか」と、素朴な思いで神戸にやってきた若者たちのなかには、[PET_BOUNDARY]繊細で[PET_BOUNDARY]心やさしい子たちが多かった。都会の核家族で育ち、お年寄りと接したこともあまりな,繊細で,0,にもなにかできるでしょうか」と、素朴な思いで神戸にやってきた若者たちのなかには、繊細で心やさしい子たちが多かった。都会の核家族で育ち、お年寄りと接したこともあまりな,sometimes
1322,73,繊細,シアやローマの円柱のようなエンタシス（中央部のふくらみ）をもたず、ほっそりとした[PET_BOUNDARY]繊細さを[PET_BOUNDARY]感じさせる円柱だ。イスラムの列柱はコルドバのモスクにも見られるが、「獅子の中,繊細さを,0,シアやローマの円柱のようなエンタシス（中央部のふくらみ）をもたず、ほっそりとした繊細さを感じさせる円柱だ。イスラムの列柱はコルドバのモスクにも見られるが、「獅子の中,sometimes
1323,73,繊細,れを眺めた。観光地なんかでよく売っている絵葉書だ。左半分にはＴ県の有名な寺の絵が[PET_BOUNDARY]繊細な[PET_BOUNDARY]タッチで描かれていた。歴史的建築物に何の興味のない私でも目を引かれてしまう。つ,繊細な,0,れを眺めた。観光地なんかでよく売っている絵葉書だ。左半分にはＴ県の有名な寺の絵が繊細なタッチで描かれていた。歴史的建築物に何の興味のない私でも目を引かれてしまう。つ,sometimes
1324,73,繊細,のは格式のあるディナーよりお茶のテーブルに用いられます。パステル系のクロスに白の[PET_BOUNDARY]繊細な[PET_BOUNDARY]レースをかけるとロマンティックです。ワイン色やモスグリーンなどにアイボリーのさ,繊細な,0,のは格式のあるディナーよりお茶のテーブルに用いられます。パステル系のクロスに白の繊細なレースをかけるとロマンティックです。ワイン色やモスグリーンなどにアイボリーのさ,sometimes
1325,73,繊細,家庭に瓶詰めのコーヒーが常備されることに。 そのネスカフェから、味や香りがわかる[PET_BOUNDARY]繊細な[PET_BOUNDARY]日本人の嗜好に向けて、「ネスカフェ 香味焙煎」が発売されています。上質のコーヒ,繊細な,0,家庭に瓶詰めのコーヒーが常備されることに。 そのネスカフェから、味や香りがわかる繊細な日本人の嗜好に向けて、「ネスカフェ 香味焙煎」が発売されています。上質のコーヒ,sometimes
1326,73,繊細,ダンパーの値段はいいのとフツーのでゼロが２個、つまり数十倍違ったりする。そんだけ[PET_BOUNDARY]繊細な[PET_BOUNDARY]部品だから、差は出るんじゃない」タツノ 「それは、どんな風に差が出るんでしょう,繊細な,0,ダンパーの値段はいいのとフツーのでゼロが２個、つまり数十倍違ったりする。そんだけ繊細な部品だから、差は出るんじゃない」タツノ 「それは、どんな風に差が出るんでしょう,sometimes
1336,75,大らか,のことを全然かまわないっていうか。吉行 自分と同じだ。（笑）武田 そうか（笑）。[PET_BOUNDARY]大らかって[PET_BOUNDARY]いうか、反省してないところがいい、女の人が。「おまん源五兵衛」のおまんは、ホ,大らかって,1,のことを全然かまわないっていうか。吉行 自分と同じだ。（笑）武田 そうか（笑）。大らかっていうか、反省してないところがいい、女の人が。「おまん源五兵衛」のおまんは、ホ,sometimes
1337,75,大らか,るほど、だから韓国の番組って毎回時間の長さが違っていてもわりと平気なのね。こんな[PET_BOUNDARY]大らかな[PET_BOUNDARY]ところは韓国らしい。どうりでタイムキーパーがいなかったわけである。本番中の副調,大らかな,1,るほど、だから韓国の番組って毎回時間の長さが違っていてもわりと平気なのね。こんな大らかなところは韓国らしい。どうりでタイムキーパーがいなかったわけである。本番中の副調,sometimes
1338,75,大らか,。何も言われなかったから。体重も計らない、なーんにも言われない、そんなイギリスの[PET_BOUNDARY]大らかな[PET_BOUNDARY]検査が好きかも。《体重》 ＋７キロ（今日は激増）《食事》 朝 キャ,大らかな,1,。何も言われなかったから。体重も計らない、なーんにも言われない、そんなイギリスの大らかな検査が好きかも。《体重》 ＋７キロ（今日は激増）《食事》 朝 キャ,sometimes
1339,75,大らか,者の私は主に国際関係論の授業に忍びこんだが、周囲から少しも気にかけられない。何と[PET_BOUNDARY]大らかな[PET_BOUNDARY]大学か。 早稲田では、ゼミは町田実教授の「通商政策論」という貿易関係を選択した,大らかな,1,者の私は主に国際関係論の授業に忍びこんだが、周囲から少しも気にかけられない。何と大らかな大学か。 早稲田では、ゼミは町田実教授の「通商政策論」という貿易関係を選択した,sometimes
1340,75,大らか,いかも・・時間にルーズかどうかは分かりませんが・・・確かに沖縄や南の離島の人間は[PET_BOUNDARY]大らかな[PET_BOUNDARY]人は多いように思います。昔（３０年）前に私の子供の頃は時間を見る習慣のない生活,大らかな,1,いかも・・時間にルーズかどうかは分かりませんが・・・確かに沖縄や南の離島の人間は大らかな人は多いように思います。昔（３０年）前に私の子供の頃は時間を見る習慣のない生活,sometimes
1341,75,大らか,ていきます。自発性がなくなると、子どもから元気さ、はつらつさがなくなってきます。[PET_BOUNDARY]大らかに[PET_BOUNDARY]見守ることができればいいですね。赤ちゃん・子どもの体力づくり それぞれの子ども,大らかに,0,ていきます。自発性がなくなると、子どもから元気さ、はつらつさがなくなってきます。大らかに見守ることができればいいですね。赤ちゃん・子どもの体力づくり それぞれの子ども,sometimes
1342,75,大らか,、苦痛やストレスと思ってきたことが、とるに足らない、ほんの些細なことに思えるほど[PET_BOUNDARY]大らかな[PET_BOUNDARY]気持になれる。気忙しい日常から少し離れ、静かな海を見ていると、さまざまな想いが,大らかな,0,、苦痛やストレスと思ってきたことが、とるに足らない、ほんの些細なことに思えるほど大らかな気持になれる。気忙しい日常から少し離れ、静かな海を見ていると、さまざまな想いが,sometimes
1343,75,大らか,ままに、黒地の布で六幅一組の軸に仕立てたり、硬質なアクリルを合わせてシャープかつ[PET_BOUNDARY]大らかに[PET_BOUNDARY]表現されています。古布の時が醸す布味を愛し、なるべくそのまま使いたいという麻殖,大らかに,0,ままに、黒地の布で六幅一組の軸に仕立てたり、硬質なアクリルを合わせてシャープかつ大らかに表現されています。古布の時が醸す布味を愛し、なるべくそのまま使いたいという麻殖,sometimes
1344,75,大らか,年齢までは我慢できても、小学生くらいになると爆発するといわれます。子供を信じて、[PET_BOUNDARY]大らかな[PET_BOUNDARY]心で見守っていく事が大切だと思います。子供が少ないと育てるのにも知識が必要だと,大らかな,0,年齢までは我慢できても、小学生くらいになると爆発するといわれます。子供を信じて、大らかな心で見守っていく事が大切だと思います。子供が少ないと育てるのにも知識が必要だと,sometimes
1345,75,大らか,切れなかった。自殺を諦めた彼女は、民宿の田村さんの大雑把な優しさに癒されていく。[PET_BOUNDARY]大らかな[PET_BOUNDARY]村人や大自然に囲まれた充足した日々。だが、千鶴は気づいてしまう、自分の居場所が,大らかな,0,切れなかった。自殺を諦めた彼女は、民宿の田村さんの大雑把な優しさに癒されていく。大らかな村人や大自然に囲まれた充足した日々。だが、千鶴は気づいてしまう、自分の居場所が,sometimes
1346,75,大らか,。今思えば、最初から感じていた。すぐに本気で好きになってしまうことを。きみの家、[PET_BOUNDARY]大らかな[PET_BOUNDARY]心、穏やかだが、愛嬌のある性格が、ぼくの心に手を差しのべ、深くつき動かした。き,大らかな,0,。今思えば、最初から感じていた。すぐに本気で好きになってしまうことを。きみの家、大らかな心、穏やかだが、愛嬌のある性格が、ぼくの心に手を差しのべ、深くつき動かした。き,sometimes
1347,75,大らか,れ、まだ、美しい花を咲かせていた。 苔むした仏殿の屋根を背景に、うす桃色の花は、[PET_BOUNDARY]大らかに[PET_BOUNDARY]陽の光を浴びている。 「京都で一番古い老木ですよ」 狩矢がいった。 方丈前の御,大らかに,0,れ、まだ、美しい花を咲かせていた。 苔むした仏殿の屋根を背景に、うす桃色の花は、大らかに陽の光を浴びている。 「京都で一番古い老木ですよ」 狩矢がいった。 方丈前の御,sometimes
1378,79,大人の関係,は、外交官ではなく単なる“腰抜け”にすぎない。 繰り返すが、日米関係を“成熟した[PET_BOUNDARY]大人の関係[PET_BOUNDARY]”にするためには、まず日本国内を成熟した大人の民主主義国にすること。そして米国が,大人の関係,0,は、外交官ではなく単なる“腰抜け”にすぎない。 繰り返すが、日米関係を“成熟した大人の関係”にするためには、まず日本国内を成熟した大人の民主主義国にすること。そして米国が,sometimes
1379,79,大人の関係,よくわからないが、沙樹の口ぶりから察するに、夫婦仲が悪かったわけではないらしい。[PET_BOUNDARY]大人の関係[PET_BOUNDARY]、というやつなのだろう。「じゃあ、あなたの実家からこんな離れた場所にお墓があるの,大人の関係,0,よくわからないが、沙樹の口ぶりから察するに、夫婦仲が悪かったわけではないらしい。大人の関係、というやつなのだろう。「じゃあ、あなたの実家からこんな離れた場所にお墓があるの,sometimes
1380,79,大人の関係,かける国民の抑止力が非常に弱いことだ。細川元首相の言うように日米関係を“成熟した[PET_BOUNDARY]大人の関係[PET_BOUNDARY]”にするためには、まず日本国内を“成熟した大人の民主主義国”にすることが先決では,大人の関係,0,かける国民の抑止力が非常に弱いことだ。細川元首相の言うように日米関係を“成熟した大人の関係”にするためには、まず日本国内を“成熟した大人の民主主義国”にすることが先決では,sometimes
1381,79,大人の関係,いい寄って断わられる危険を冒す必要もなかった。彼はただそれとなく時の流れに乗って[PET_BOUNDARY]大人の関係に[PET_BOUNDARY]入っていけばそれでよかった。 はたから見ていると、私には、彼が彼女から人生最高,大人の関係に,0,いい寄って断わられる危険を冒す必要もなかった。彼はただそれとなく時の流れに乗って大人の関係に入っていけばそれでよかった。 はたから見ていると、私には、彼が彼女から人生最高,sometimes
1382,79,大人の関係,は大きな満足を覚える。それが子どもの成長に大きな影響を与えるのだが、これは大人と[PET_BOUNDARY]大人の関係にも[PET_BOUNDARY]当てはまるのではないだろうか。 人は誰でも、他人から認められたいという承認欲,大人の関係にも,0,は大きな満足を覚える。それが子どもの成長に大きな影響を与えるのだが、これは大人と大人の関係にも当てはまるのではないだろうか。 人は誰でも、他人から認められたいという承認欲,sometimes
1383,79,大人の関係,やっぱりほりえもんと広報の女性は[PET_BOUNDARY]大人の関係ですか[PET_BOUNDARY]？大人の関係かは、本人同士によるものなので、わかりませんが、お互いにそういう対価の交感はある,大人の関係ですか,1,やっぱりほりえもんと広報の女性は大人の関係ですか？大人の関係かは、本人同士によるものなので、わかりませんが、お互いにそういう対価の交感はある,sometimes
1384,79,大人の関係,やっぱりほりえもんと広報の女性は大人の関係ですか？[PET_BOUNDARY]大人の関係かは[PET_BOUNDARY]、本人同士によるものなので、わかりませんが、お互いにそういう対価の交感はある,大人の関係かは,1,やっぱりほりえもんと広報の女性は大人の関係ですか？大人の関係かは、本人同士によるものなので、わかりませんが、お互いにそういう対価の交感はある,sometimes
1385,79,大人の関係,に議論出来る人材がいない」と山崎氏は嘆いた。 「アーミテージ氏は、日米は成熟した[PET_BOUNDARY]大人の関係と[PET_BOUNDARY]言いますが、そんな人材は日本にはいません。結局日本は再び子供扱いになるのではな,大人の関係と,0,に議論出来る人材がいない」と山崎氏は嘆いた。 「アーミテージ氏は、日米は成熟した大人の関係と言いますが、そんな人材は日本にはいません。結局日本は再び子供扱いになるのではな,sometimes
1386,79,大人の関係,秘めた背徳の恋だった―。『さすらい』同じ出版社に勤めている久保と落合は、体だけの[PET_BOUNDARY]大人の関係[PET_BOUNDARY]。なかなか素直になれない不器用な二人だったが、落合の下に入った新しいバイト・松田,大人の関係,1,秘めた背徳の恋だった―。『さすらい』同じ出版社に勤めている久保と落合は、体だけの大人の関係。なかなか素直になれない不器用な二人だったが、落合の下に入った新しいバイト・松田,sometimes
1394,81,愛を交わす,ークによって呼び覚まされた熱い欲望は、まだ完全には満たされていない。目を閉じて、[PET_BOUNDARY]愛を交わす[PET_BOUNDARY]ときの彼の表情をゆっくりと慈しむように思い起こした。絶頂に達するときの身の震えと,愛を交わす,1,ークによって呼び覚まされた熱い欲望は、まだ完全には満たされていない。目を閉じて、愛を交わすときの彼の表情をゆっくりと慈しむように思い起こした。絶頂に達するときの身の震えと,sometimes
1395,81,愛を交わす,コユーカラ（女のユーカラ）と呼ばれることがありますが、ときによると、許婚の男性と[PET_BOUNDARY]愛を交わす[PET_BOUNDARY]場面などが情感豊かに描写されることがあり、そういう意味でもやはり女性向けだったの,愛を交わす,1,コユーカラ（女のユーカラ）と呼ばれることがありますが、ときによると、許婚の男性と愛を交わす場面などが情感豊かに描写されることがあり、そういう意味でもやはり女性向けだったの,sometimes
1396,81,愛を交わす,とってもはじめての体験になるだろう。ぼくの欲望と喜びを体験することのできる女性と[PET_BOUNDARY]愛を交わすのだから[PET_BOUNDARY]。それを思うと、サムは興奮すると同時にこわかった。 彼は半袖のコットンシ,愛を交わすのだから,1,とってもはじめての体験になるだろう。ぼくの欲望と喜びを体験することのできる女性と愛を交わすのだから。それを思うと、サムは興奮すると同時にこわかった。 彼は半袖のコットンシ,sometimes
1397,81,愛を交わす,を逃したら、二度と人を愛することはないかもしれない。そしてなによりも、サクソンと[PET_BOUNDARY]愛を交わす[PET_BOUNDARY]ことができなくなってしまう。 アンナはさんざん考えた末、サクソン・マローンの女に,愛を交わす,1,を逃したら、二度と人を愛することはないかもしれない。そしてなによりも、サクソンと愛を交わすことができなくなってしまう。 アンナはさんざん考えた末、サクソン・マローンの女に,sometimes
1398,81,愛を交わす,ろはなかった。誰もがパリ解放を最もシンプルで自然な仕方で祝おうというのだ。つまり[PET_BOUNDARY]愛を交わす[PET_BOUNDARY]ことによって。 レアはゆっくりとロランの方に顔を上げた。 「カミーユは死んだわ」,愛を交わす,1,ろはなかった。誰もがパリ解放を最もシンプルで自然な仕方で祝おうというのだ。つまり愛を交わすことによって。 レアはゆっくりとロランの方に顔を上げた。 「カミーユは死んだわ」,sometimes
1399,81,愛を交わす,にはけっして及ぶまいと神に―そして亡き父にさえ―誓ったに決まっている。 もちろん[PET_BOUNDARY]愛を交わす[PET_BOUNDARY]ことなど、もってのほかだ。 そう考えたとたん、キャシーの瞳に熱い怒りの涙がこみ上,愛を交わす,1,にはけっして及ぶまいと神に―そして亡き父にさえ―誓ったに決まっている。 もちろん愛を交わすことなど、もってのほかだ。 そう考えたとたん、キャシーの瞳に熱い怒りの涙がこみ上,sometimes
1400,81,愛を交わす,とぼくがあのジャグジーに一緒に入ることだ。そしてあのベッドに。われを忘れるまで、[PET_BOUNDARY]愛を交わす[PET_BOUNDARY]ことだよ。 マイケルの体がかっと熱くなった。「五秒以内に仰向けに横たわりたいと思,愛を交わす,1,とぼくがあのジャグジーに一緒に入ることだ。そしてあのベッドに。われを忘れるまで、愛を交わすことだよ。 マイケルの体がかっと熱くなった。「五秒以内に仰向けに横たわりたいと思,sometimes
1401,81,愛を交わす,う。もし僕たちが結婚して、しばらく一緒にいれば、少なくとも僕にはチャンスがある。[PET_BOUNDARY]愛を交わす[PET_BOUNDARY]ことができたら、いつもはひどいことを言っていても、僕が君を思っているのは、君にも,愛を交わす,1,う。もし僕たちが結婚して、しばらく一緒にいれば、少なくとも僕にはチャンスがある。愛を交わすことができたら、いつもはひどいことを言っていても、僕が君を思っているのは、君にも,sometimes
1402,81,愛を交わす,持ちを誠実に尊重してくれるだろう。わかるのだ、なぜか。 彼は誠実な人だから、もし[PET_BOUNDARY]愛を交わすなら[PET_BOUNDARY]私を愛している場合だけだろう。すべてを告白したのだから、私が我が身を差し出す,愛を交わすなら,1,持ちを誠実に尊重してくれるだろう。わかるのだ、なぜか。 彼は誠実な人だから、もし愛を交わすなら私を愛している場合だけだろう。すべてを告白したのだから、私が我が身を差し出す,sometimes
1403,81,愛を交わす,確かにここから何かが始まるだろう。僕たちは、まだ見ぬ未来に全力で飛び込み、いつか[PET_BOUNDARY]愛を交わす[PET_BOUNDARY]ことをそこで約束したのだ。,愛を交わす,0,確かにここから何かが始まるだろう。僕たちは、まだ見ぬ未来に全力で飛び込み、いつか愛を交わすことをそこで約束したのだ。,sometimes
1404,81,愛を交わす,すようになぞり、ヒップの女性らしい丸みをゆっくり愛撫するかに指を這わせる。 彼が[PET_BOUNDARY]愛を交わす[PET_BOUNDARY]ときはきっとこんなふうにするのね。アリシャは想像をたくましくした。自信たっぷりの,愛を交わす,1,すようになぞり、ヒップの女性らしい丸みをゆっくり愛撫するかに指を這わせる。 彼が愛を交わすときはきっとこんなふうにするのね。アリシャは想像をたくましくした。自信たっぷりの,sometimes
1497,85,夜のお仕事,せんか」 「いいんですよ」 蓮月はニコニコ笑いながらこういった。 「幾松さんは、[PET_BOUNDARY]夜のお仕事が[PET_BOUNDARY]忙しいでしょう。ですから昼間はゆっくり寝ています。それに幾松さんの後もう一ヵ所,夜のお仕事が,0,せんか」 「いいんですよ」 蓮月はニコニコ笑いながらこういった。 「幾松さんは、夜のお仕事が忙しいでしょう。ですから昼間はゆっくり寝ています。それに幾松さんの後もう一ヵ所,sometimes
1498,85,夜のお仕事,？？・・・。本務機が戻ってくるまでの辛抱です。あとは修理代をどう捻出するかだ。「[PET_BOUNDARY]夜のお仕事[PET_BOUNDARY]」でもしなくちゃいけないかなあ？,夜のお仕事,0,？？・・・。本務機が戻ってくるまでの辛抱です。あとは修理代をどう捻出するかだ。「夜のお仕事」でもしなくちゃいけないかなあ？,sometimes
1499,85,夜のお仕事,ではなんとも珍しい「お茶漬け専門店」！大町の繁華街にあり、朝まで営業しているので[PET_BOUNDARY]夜のお仕事を[PET_BOUNDARY]終えた方や飲み終わった後に寄る人が多いお店です。カウンター席が１６席の小さなお,夜のお仕事を,0,ではなんとも珍しい「お茶漬け専門店」！大町の繁華街にあり、朝まで営業しているので夜のお仕事を終えた方や飲み終わった後に寄る人が多いお店です。カウンター席が１６席の小さなお,sometimes
1548,90,お遊び,う意義もないですし、恋愛相手の方へ行けば良いと思います。風俗はプロだから一時的な[PET_BOUNDARY]お遊びでしょうが[PET_BOUNDARY]、性感染症など病気が恐いです。エッチする人数が多いほど感染し易いですか,お遊びでしょうが,1,う意義もないですし、恋愛相手の方へ行けば良いと思います。風俗はプロだから一時的なお遊びでしょうが、性感染症など病気が恐いです。エッチする人数が多いほど感染し易いですか,sometimes
1549,90,お遊び,森進一の浮気にあるとおもいますが、浮気相手は誰でしょう。特定の人は知りませんが、[PET_BOUNDARY]お遊びが[PET_BOUNDARY]盛んなようですね。それに暴力では奥さんも良く今まで我慢してきたなと思います。奥,お遊びが,1,森進一の浮気にあるとおもいますが、浮気相手は誰でしょう。特定の人は知りませんが、お遊びが盛んなようですね。それに暴力では奥さんも良く今まで我慢してきたなと思います。奥,sometimes
1550,90,お遊び,を口にするたびに、私は、あることを思い出します。それは、幼なじみとの楽しい性的な[PET_BOUNDARY]お遊びの[PET_BOUNDARY]出来事です。 私には子どもの頃から一緒にお風呂に入ったり、プールに行ったりして,お遊びの,1,を口にするたびに、私は、あることを思い出します。それは、幼なじみとの楽しい性的なお遊びの出来事です。 私には子どもの頃から一緒にお風呂に入ったり、プールに行ったりして,sometimes
1551,90,お遊び,が大事なのかよ」 あれから原田も結婚し、子供が出来た。三歳になる娘が可愛く、夜の[PET_BOUNDARY]お遊びも[PET_BOUNDARY]ご無沙汰だったのだ。「だって、涼音ちゃんが待ってるからさあ」「ちぇっ、面白くね,お遊びも,1,が大事なのかよ」 あれから原田も結婚し、子供が出来た。三歳になる娘が可愛く、夜のお遊びもご無沙汰だったのだ。「だって、涼音ちゃんが待ってるからさあ」「ちぇっ、面白くね,sometimes
1552,90,お遊び,は２０年くらい前に一度ブームになった時、本を買ったことがありました。その時も半分[PET_BOUNDARY]お遊び[PET_BOUNDARY]感覚で読んでいましたが、あれだけ自信たっぷりに断定的な言い方をされたら、普通の人,お遊び,0,は２０年くらい前に一度ブームになった時、本を買ったことがありました。その時も半分お遊び感覚で読んでいましたが、あれだけ自信たっぷりに断定的な言い方をされたら、普通の人,sometimes
1553,90,お遊び,網走ＪＪ（ジャニーズＪｒ．ね）の人たちです。たぶんこのツアーの中だけで結成された[PET_BOUNDARY]お遊び的な[PET_BOUNDARY]グループかな？と思いますが、人気が出たら本当にデビューしたりして（笑）ちなみ,お遊び的な,0,網走ＪＪ（ジャニーズＪｒ．ね）の人たちです。たぶんこのツアーの中だけで結成されたお遊び的なグループかな？と思いますが、人気が出たら本当にデビューしたりして（笑）ちなみ,sometimes
1554,90,お遊び,悪い、あんずたん。（良くいえば、世渡り上手？）はい・・・・・結局この後、長い時間[PET_BOUNDARY]お遊びに[PET_BOUNDARY]付き合わされましたとさ （−。−）ｙ−゜゜゜その時、まろんさんは ↓『あたちに,お遊びに,0,悪い、あんずたん。（良くいえば、世渡り上手？）はい・・・・・結局この後、長い時間お遊びに付き合わされましたとさ （−。−）ｙ−゜゜゜その時、まろんさんは ↓『あたちに,sometimes
1555,90,お遊び,親らしい優しい心があろうとは三郎にも汲み取れぬからである。 「いゝお天気で…街へ[PET_BOUNDARY]お遊びですかい[PET_BOUNDARY]」と突然、挨拶してすれ違った者があるので、振り返ると、やはり街へ出ていた,お遊びですかい,0,親らしい優しい心があろうとは三郎にも汲み取れぬからである。 「いゝお天気で…街へお遊びですかい」と突然、挨拶してすれ違った者があるので、振り返ると、やはり街へ出ていた,sometimes
1556,90,お遊び,／その他＝絵本の読み聞かせや紙芝居、子育て・栄養相談も実施。小さなお子さん向けの[PET_BOUNDARY]お遊び[PET_BOUNDARY]コーナーもあります。問＝子育て支援課（☎８２９‐１２７０）秋の親子環境教室 〜里,お遊び,0,／その他＝絵本の読み聞かせや紙芝居、子育て・栄養相談も実施。小さなお子さん向けのお遊びコーナーもあります。問＝子育て支援課（☎８２９‐１２７０）秋の親子環境教室 〜里,sometimes
1557,90,お遊び,知つてゐる。けれども、それ等をば單に人の惡いなさり樣だとしか思つてゐない。どうせ[PET_BOUNDARY]お遊びに[PET_BOUNDARY]なる方は、家へいらつしやらなければ、他の家へ往つてお遊びになつてゐるのに違ひな,お遊びに,0,知つてゐる。けれども、それ等をば單に人の惡いなさり樣だとしか思つてゐない。どうせお遊びになる方は、家へいらつしやらなければ、他の家へ往つてお遊びになつてゐるのに違ひな,sometimes
1558,90,お遊び,知つてゐる。けれども、それ等をば單に人の惡いなさり樣だとしか思つてゐない。どうせお遊びになる方は、家へいらつしやらなければ、他の家へ往つて[PET_BOUNDARY]お遊びに[PET_BOUNDARY]なつてゐるのに違ひな,お遊びに,0,知つてゐる。けれども、それ等をば單に人の惡いなさり樣だとしか思つてゐない。どうせお遊びになる方は、家へいらつしやらなければ、他の家へ往つてお遊びになつてゐるのに違ひな,sometimes
1559,90,お遊び,くだん覚えたんだ、俺のマルノーム。まぁ後で久々にゲーム日記でも書くかなｗ今友達と[PET_BOUNDARY]お遊びで[PET_BOUNDARY]ゲームしてるんだｗそんじゃ日記ｗ今日は４教科↓↓↓塚今日の朝学活で席替えしたｗ,お遊びで,0,くだん覚えたんだ、俺のマルノーム。まぁ後で久々にゲーム日記でも書くかなｗ今友達とお遊びでゲームしてるんだｗそんじゃ日記ｗ今日は４教科↓↓↓塚今日の朝学活で席替えしたｗ,sometimes
1626,99,異動,ようでそのせいで私が排除されるような気がします。これまでも同じ理由で正社員数人は[PET_BOUNDARY]異動や[PET_BOUNDARY]退職になっています。（後々本人達から話を聞いたのですが）私は会社に残りたい気持,異動や,1,ようでそのせいで私が排除されるような気がします。これまでも同じ理由で正社員数人は異動や退職になっています。（後々本人達から話を聞いたのですが）私は会社に残りたい気持,sometimes
1627,99,異動,マ『失楽園』で主人公が発したこのセリフが、妙に印象に残っている。意にそわぬ部署に[PET_BOUNDARY]異動[PET_BOUNDARY]させられ出版社を辞めようかと悩む男性が、悔しげにつぶやく場面である。かつてはエリ,異動,1,マ『失楽園』で主人公が発したこのセリフが、妙に印象に残っている。意にそわぬ部署に異動させられ出版社を辞めようかと悩む男性が、悔しげにつぶやく場面である。かつてはエリ,sometimes
1628,99,異動,フケをのせていて、近づくのもいやだわ」 「Ｂ子は素直だけど、ブスだから、他の課に[PET_BOUNDARY]異動[PET_BOUNDARY]させたい、いい方法はないかな」 「今度の企画、ほとんどボクが成功させたのに、Ｃ主,異動,1,フケをのせていて、近づくのもいやだわ」 「Ｂ子は素直だけど、ブスだから、他の課に異動させたい、いい方法はないかな」 「今度の企画、ほとんどボクが成功させたのに、Ｃ主,sometimes
1629,99,異動,」（扶桑社書籍編集部・富田健太郎氏） ちなみに同編集部には、「意にそわない部署に[PET_BOUNDARY]異動[PET_BOUNDARY]させられて悩んでいたが、これを読んで気持ちを切り替えた」というビジネスマンや、「,異動,1,」（扶桑社書籍編集部・富田健太郎氏） ちなみに同編集部には、「意にそわない部署に異動させられて悩んでいたが、これを読んで気持ちを切り替えた」というビジネスマンや、「,sometimes
1630,99,異動,ただいまから総務委員会を開会いたします。まず、委員の[PET_BOUNDARY]異動に[PET_BOUNDARY]ついて御報告いたします。昨日、高嶋良充君が委員を辞任され、その補欠として岩本司,異動に,0,ただいまから総務委員会を開会いたします。まず、委員の異動について御報告いたします。昨日、高嶋良充君が委員を辞任され、その補欠として岩本司,sometimes
1631,99,異動,０年５月１日から、戸籍謄本や住民票の写しを取る場合、戸籍の届けをする場合、住所の[PET_BOUNDARY]異動を[PET_BOUNDARY]届ける場合に「本人確認」書類の提示が法律上のルールになりました。 「写真付き住,異動を,0,０年５月１日から、戸籍謄本や住民票の写しを取る場合、戸籍の届けをする場合、住所の異動を届ける場合に「本人確認」書類の提示が法律上のルールになりました。 「写真付き住,sometimes
1632,99,異動,１ヶ月前に退職願を提出し、先日ひきとめられたので「じゃあ[PET_BOUNDARY]異動の[PET_BOUNDARY]方向で」と言ったのですが、やっぱり辞めようと思います。この場合、やっぱり辞めま,異動の,0,１ヶ月前に退職願を提出し、先日ひきとめられたので「じゃあ異動の方向で」と言ったのですが、やっぱり辞めようと思います。この場合、やっぱり辞めま,sometimes
1633,99,異動,は限りません。教師の人事はたいてい教委主導のローテーション人事で、教師が希望して[PET_BOUNDARY]異動[PET_BOUNDARY]できるわけではない。また、校長に完全に人事権があるわけでもない。教委が各学校をな,異動,0,は限りません。教師の人事はたいてい教委主導のローテーション人事で、教師が希望して異動できるわけではない。また、校長に完全に人事権があるわけでもない。教委が各学校をな,sometimes
1634,99,異動,店）で大幅な[PET_BOUNDARY]人事異動が[PET_BOUNDARY]ありうちの旦那さんも 人事異動で隣の支店（元々いた店舗）に異動になりその支店の副店長になり、今までいた支店の工場長も兼任になり益々 仕事が忙し,人事異動が,0,店）で大幅な人事異動がありうちの旦那さんも 人事異動で隣の支店（元々いた店舗）に異動になりその支店の副店長になり、今までいた支店の工場長も兼任になり益々 仕事が忙し,sometimes
1635,99,異動,店）で大幅な人事異動がありうちの旦那さんも [PET_BOUNDARY]人事異動で[PET_BOUNDARY]隣の支店（元々いた店舗）に異動になりその支店の副店長になり、今までいた支店の工場長も兼任になり益々 仕事が忙し,人事異動で,0,店）で大幅な人事異動がありうちの旦那さんも 人事異動で隣の支店（元々いた店舗）に異動になりその支店の副店長になり、今までいた支店の工場長も兼任になり益々 仕事が忙し,sometimes
1636,99,異動,店）で大幅な人事異動がありうちの旦那さんも 人事異動で隣の支店（元々いた店舗）に[PET_BOUNDARY]異動に[PET_BOUNDARY]なりその支店の副店長になり、今までいた支店の工場長も兼任になり益々 仕事が忙し,異動に,0,店）で大幅な人事異動がありうちの旦那さんも 人事異動で隣の支店（元々いた店舗）に異動になりその支店の副店長になり、今までいた支店の工場長も兼任になり益々 仕事が忙し,sometimes
1637,100,出向,上の助けを借りて二カ月にわたる心労の末それを果したとき、次にはマニラの関連会社に[PET_BOUNDARY]出向[PET_BOUNDARY]させられるという噂がとどく。「きみのようなまじめな兵隊が多数居らんと、うちの会社,出向,1,上の助けを借りて二カ月にわたる心労の末それを果したとき、次にはマニラの関連会社に出向させられるという噂がとどく。「きみのようなまじめな兵隊が多数居らんと、うちの会社,sometimes
1638,100,出向,により、社員の就業する場所若しくは従事する業務を変更し、または社員を関係会社へ、[PET_BOUNDARY]出向[PET_BOUNDARY]させる事がある。２．出向の場合は本人の同意の上行う事を原則とする。（異動事項の届,出向,1,により、社員の就業する場所若しくは従事する業務を変更し、または社員を関係会社へ、出向させる事がある。２．出向の場合は本人の同意の上行う事を原則とする。（異動事項の届,sometimes
1639,100,出向,により、社員の就業する場所若しくは従事する業務を変更し、または社員を関係会社へ、出向させる事がある。２．[PET_BOUNDARY]出向の[PET_BOUNDARY]場合は本人の同意の上行う事を原則とする。（異動事項の届,出向の,1,により、社員の就業する場所若しくは従事する業務を変更し、または社員を関係会社へ、出向させる事がある。２．出向の場合は本人の同意の上行う事を原則とする。（異動事項の届,sometimes
1640,100,出向,で正社員採用は無理だ。それに私が正社員になると、親会社で出世コースを外れた社員を[PET_BOUNDARY]出向[PET_BOUNDARY]させる枠がなくなってしまう。自分の境遇もそうだが、姉には障害者雇用の問題が、弟に,出向,1,で正社員採用は無理だ。それに私が正社員になると、親会社で出世コースを外れた社員を出向させる枠がなくなってしまう。自分の境遇もそうだが、姉には障害者雇用の問題が、弟に,sometimes
1641,100,出向,、たとえば「三菱商事」「ダイエー」「電通」「西武百貨店」といった民間企業に職員を[PET_BOUNDARY]出向[PET_BOUNDARY]させ、また、ジェトロなど海外にも極力多くの職員を派遣しています。 とにかく、ノン,出向,1,、たとえば「三菱商事」「ダイエー」「電通」「西武百貨店」といった民間企業に職員を出向させ、また、ジェトロなど海外にも極力多くの職員を派遣しています。 とにかく、ノン,sometimes
1642,100,出向,もあった。特に里子ははっきりと口にするタイプだ。 「うちみたいなところに、妊婦を[PET_BOUNDARY]出向[PET_BOUNDARY]させるなんて、どういうつもりなのかしら」 彼女にすれば、仕事内容がよくわかりもせ,出向,1,もあった。特に里子ははっきりと口にするタイプだ。 「うちみたいなところに、妊婦を出向させるなんて、どういうつもりなのかしら」 彼女にすれば、仕事内容がよくわかりもせ,sometimes
1643,100,出向,以上やってもなかなかあなたと私の溝が埋まるとは思わぬけれども、しかし、三十六人も[PET_BOUNDARY]出向[PET_BOUNDARY]させて、そしてこのイ・アイ・イ・グループの中で一番肝心な部分を押さえておる協和信,出向,1,以上やってもなかなかあなたと私の溝が埋まるとは思わぬけれども、しかし、三十六人も出向させて、そしてこのイ・アイ・イ・グループの中で一番肝心な部分を押さえておる協和信,sometimes
1644,100,出向,、動機は七年前考えられていたのとは多少違う。彼は、森本のために鹿児島西京ホテルへ[PET_BOUNDARY]出向[PET_BOUNDARY]させられたと思って恨んでいただけでなく、悦子を奪われたからだ。赤塚は興信所に頼ん,出向,1,、動機は七年前考えられていたのとは多少違う。彼は、森本のために鹿児島西京ホテルへ出向させられたと思って恨んでいただけでなく、悦子を奪われたからだ。赤塚は興信所に頼ん,sometimes
1645,100,出向,議院における証人喚問で高橋さんは、今あなたも触れたけれども、高橋さんは、同時に、[PET_BOUNDARY]出向[PET_BOUNDARY]しております田中副社長もその話を聞いてびっくりしたと申しておりましたと証言してお,出向,0,議院における証人喚問で高橋さんは、今あなたも触れたけれども、高橋さんは、同時に、出向しております田中副社長もその話を聞いてびっくりしたと申しておりましたと証言してお,sometimes
1646,100,出向,のでしょうか？それともそれ専門で採用しているのでしょうか？はたまた外部の機関から[PET_BOUNDARY]出向[PET_BOUNDARY]して来てたりするのでしょうか？科学捜査を担当する部門として科学捜査研究所が設けら,出向,0,のでしょうか？それともそれ専門で採用しているのでしょうか？はたまた外部の機関から出向して来てたりするのでしょうか？科学捜査を担当する部門として科学捜査研究所が設けら,sometimes
1647,100,出向,組合理事長がオーナーであるイ・アイ・イ・インターナショナルに日本長期信用銀行から[PET_BOUNDARY]出向[PET_BOUNDARY]し、取締役副社長としてその経営に参加されております。また、あなたが、東京協和信用,出向,0,組合理事長がオーナーであるイ・アイ・イ・インターナショナルに日本長期信用銀行から出向し、取締役副社長としてその経営に参加されております。また、あなたが、東京協和信用,sometimes
1648,100,出向,共済契約対象施設等に[PET_BOUNDARY]出向[PET_BOUNDARY]し，その施設・事業の業務に従事している地方公共団体等から出向している職員，警備保障会社又は高齢者福祉事業団等から派遣されている職員，福祉工場,出向,0,共済契約対象施設等に出向し，その施設・事業の業務に従事している地方公共団体等から出向している職員，警備保障会社又は高齢者福祉事業団等から派遣されている職員，福祉工場,sometimes
1649,100,出向,共済契約対象施設等に出向し，その施設・事業の業務に従事している地方公共団体等から[PET_BOUNDARY]出向[PET_BOUNDARY]している職員，警備保障会社又は高齢者福祉事業団等から派遣されている職員，福祉工場,出向,0,共済契約対象施設等に出向し，その施設・事業の業務に従事している地方公共団体等から出向している職員，警備保障会社又は高齢者福祉事業団等から派遣されている職員，福祉工場,sometimes
1650,100,出向,あったものですから、その地方の不況感に比べて地方の公務員、なかんずく中央官庁から[PET_BOUNDARY]出向[PET_BOUNDARY]しているのは高いではないかという御批判が出てきたんだと、私どもの分析はそういたし,出向,0,あったものですから、その地方の不況感に比べて地方の公務員、なかんずく中央官庁から出向しているのは高いではないかという御批判が出てきたんだと、私どもの分析はそういたし,sometimes
1651,100,出向,ット暦の七月十日にあたり、かつてこの寺の高僧だった人で、現在自治区の仏教委員会へ[PET_BOUNDARY]出向[PET_BOUNDARY]している方が、年に一回この日に古巣に戻られての法会だという。十重二十重にとりまく,出向,0,ット暦の七月十日にあたり、かつてこの寺の高僧だった人で、現在自治区の仏教委員会へ出向している方が、年に一回この日に古巣に戻られての法会だという。十重二十重にとりまく,sometimes
1652,100,出向,ご希望を次々にいただいた。これまでのところ、マンションの居住者の皆さま、４年前に[PET_BOUNDARY]出向[PET_BOUNDARY]していた職場の関係者の方々を中心に、３５枚のチケットをお配りすることができた。毎,出向,0,ご希望を次々にいただいた。これまでのところ、マンションの居住者の皆さま、４年前に出向していた職場の関係者の方々を中心に、３５枚のチケットをお配りすることができた。毎,sometimes
1653,101,経営合理化,上げていく努力をしていかなければならない。 経営統合などの再編は、そうした企業の[PET_BOUNDARY]経営合理化の[PET_BOUNDARY]ために、そして経営基盤の強化により新たな発展基盤を構築するために行われるもので,経営合理化の,0,上げていく努力をしていかなければならない。 経営統合などの再編は、そうした企業の経営合理化のために、そして経営基盤の強化により新たな発展基盤を構築するために行われるもので,sometimes
1654,101,経営合理化,は８％、国内行は４％）を割り込むと、行政処分にあたる業務改善命令を発動し、銀行に[PET_BOUNDARY]経営合理化[PET_BOUNDARY]計画の提出などを求める。 ２７日明らかになった工程表の原案全文では、改善命令の発,経営合理化,0,は８％、国内行は４％）を割り込むと、行政処分にあたる業務改善命令を発動し、銀行に経営合理化計画の提出などを求める。 ２７日明らかになった工程表の原案全文では、改善命令の発,sometimes
1655,101,経営合理化,悪化を受けて、前日には多くのプロ野球選手や卓球の五輪代表を輩出した日産自動車が、[PET_BOUNDARY]経営合理化の[PET_BOUNDARY]一環として硬式野球部、卓球部（男子）、陸上部を休部すると発表したばかり。昨年１,経営合理化の,1,悪化を受けて、前日には多くのプロ野球選手や卓球の五輪代表を輩出した日産自動車が、経営合理化の一環として硬式野球部、卓球部（男子）、陸上部を休部すると発表したばかり。昨年１,sometimes
1656,101,経営合理化,た合理的漁船の開発研究と，各種漁船のＦＲＰ化に関する研究を行った。イ まき網漁業[PET_BOUNDARY]経営合理化[PET_BOUNDARY]研究及び海洋観測の自動化のためのＦＭ超音波応用に関する基礎研究を行った。ウ 漁法,経営合理化,0,た合理的漁船の開発研究と，各種漁船のＦＲＰ化に関する研究を行った。イ まき網漁業経営合理化研究及び海洋観測の自動化のためのＦＭ超音波応用に関する基礎研究を行った。ウ 漁法,sometimes
1657,101,経営合理化,住民生活に不可欠なサービスを安定的に供給していくためには、何よりも各企業において[PET_BOUNDARY]経営合理化の[PET_BOUNDARY]徹底、料金の適正化による収入の確保、経費負担区分の原則の適正な運用、建設投資の,経営合理化の,0,住民生活に不可欠なサービスを安定的に供給していくためには、何よりも各企業において経営合理化の徹底、料金の適正化による収入の確保、経費負担区分の原則の適正な運用、建設投資の,sometimes
1658,101,経営合理化,住民サービスの安定した供給の確保、企業経営の健全化促進等を図るため、企業における[PET_BOUNDARY]経営合理化の[PET_BOUNDARY]徹底等の自己努力とあいまって、昭和５８年度において次のような措置が講じられた。,経営合理化の,0,住民サービスの安定した供給の確保、企業経営の健全化促進等を図るため、企業における経営合理化の徹底等の自己努力とあいまって、昭和５８年度において次のような措置が講じられた。,sometimes
1659,101,経営合理化,の協議会の開催等を行うほか，牛乳の仕入れ，保管，配送及び経理事務の共同化のための[PET_BOUNDARY]経営合理化[PET_BOUNDARY]施設をモデル的に設置する事業を実施する。イ 食肉，鶏卵 食肉，鶏卵については畜産,経営合理化,0,の協議会の開催等を行うほか，牛乳の仕入れ，保管，配送及び経理事務の共同化のための経営合理化施設をモデル的に設置する事業を実施する。イ 食肉，鶏卵 食肉，鶏卵については畜産,sometimes
1660,101,経営合理化,国も制度としては、「育児休職制」というものがあるものの、あまり活用されていない。[PET_BOUNDARY]経営合理化の[PET_BOUNDARY]一番手に目されている共働きの女性が、休職を名乗り出ることは現実的には厳しい。女,経営合理化の,0,国も制度としては、「育児休職制」というものがあるものの、あまり活用されていない。経営合理化の一番手に目されている共働きの女性が、休職を名乗り出ることは現実的には厳しい。女,sometimes
1661,101,経営合理化,されていない。とくに、人員削減などのリストラは進んでいない。そのため、合併による[PET_BOUNDARY]経営合理化は[PET_BOUNDARY]非常に遅れている。むしろ、農協の職員数は平成七年三月末で三万三〇〇人と一〇年前,経営合理化は,0,されていない。とくに、人員削減などのリストラは進んでいない。そのため、合併による経営合理化は非常に遅れている。むしろ、農協の職員数は平成七年三月末で三万三〇〇人と一〇年前,sometimes
1662,101,経営合理化,事業においても一般の事業会社との競争に打ち勝って、存続していくためには事業体の「[PET_BOUNDARY]経営合理化[PET_BOUNDARY]」を図っていく必要があるということである。,経営合理化,0,事業においても一般の事業会社との競争に打ち勝って、存続していくためには事業体の「経営合理化」を図っていく必要があるということである。,sometimes
1663,101,経営合理化,れるようになってきました。このため、国は１３年３月末に「水産物産地市場の統合及び[PET_BOUNDARY]経営合理化に[PET_BOUNDARY]関する方針」を作成・公表し、各都道府県においては、これに沿って、市場統合に向け,経営合理化に,0,れるようになってきました。このため、国は１３年３月末に「水産物産地市場の統合及び経営合理化に関する方針」を作成・公表し、各都道府県においては、これに沿って、市場統合に向け,sometimes
1664,101,経営合理化,料不足、加工不足）防止、材料節約、経費節減の四部会を新設して、労使が一体となって[PET_BOUNDARY]経営合理化[PET_BOUNDARY]運動に取り組んでいた。こうした努力にもかかわらず、事態は月を追うごとに悪化し、秋,経営合理化,1,料不足、加工不足）防止、材料節約、経費節減の四部会を新設して、労使が一体となって経営合理化運動に取り組んでいた。こうした努力にもかかわらず、事態は月を追うごとに悪化し、秋,sometimes
1665,101,経営合理化,長性」および「付加価値の成長性」を分析することによって判断しなければなりません。[PET_BOUNDARY]経営合理化には[PET_BOUNDARY]限度があるので、経営合理化による利益増大は企業の持続的な成長には結びつきにく,経営合理化には,1,長性」および「付加価値の成長性」を分析することによって判断しなければなりません。経営合理化には限度があるので、経営合理化による利益増大は企業の持続的な成長には結びつきにく,sometimes
1666,101,経営合理化,長性」および「付加価値の成長性」を分析することによって判断しなければなりません。経営合理化には限度があるので、[PET_BOUNDARY]経営合理化に[PET_BOUNDARY]よる利益増大は企業の持続的な成長には結びつきにく,経営合理化に,1,長性」および「付加価値の成長性」を分析することによって判断しなければなりません。経営合理化には限度があるので、経営合理化による利益増大は企業の持続的な成長には結びつきにく,sometimes
1667,101,経営合理化,ングの利用法とそのビジネスチャンス アウトソーシング（外部委託）を経営戦略または[PET_BOUNDARY]経営合理化の[PET_BOUNDARY]一還として導入済み、またはその導入を検討している企業は増えている。アメリカでは,経営合理化の,0,ングの利用法とそのビジネスチャンス アウトソーシング（外部委託）を経営戦略または経営合理化の一還として導入済み、またはその導入を検討している企業は増えている。アメリカでは,sometimes
1668,101,経営合理化,応するために、平成五年には工業専用地域等におきます大企業の近代化促進を図るための[PET_BOUNDARY]経営合理化の[PET_BOUNDARY]ための工場増設、さらには中小企業の近代化設備導入等の経営合理化のための工場増設,経営合理化の,0,応するために、平成五年には工業専用地域等におきます大企業の近代化促進を図るための経営合理化のための工場増設、さらには中小企業の近代化設備導入等の経営合理化のための工場増設,sometimes
1669,101,経営合理化,応するために、平成五年には工業専用地域等におきます大企業の近代化促進を図るための経営合理化のための工場増設、さらには中小企業の近代化設備導入等の[PET_BOUNDARY]経営合理化の[PET_BOUNDARY]ための工場増設,経営合理化の,0,応するために、平成五年には工業専用地域等におきます大企業の近代化促進を図るための経営合理化のための工場増設、さらには中小企業の近代化設備導入等の経営合理化のための工場増設,sometimes
1670,101,経営合理化,諸経費の上昇によるものである。これに対し事業者は経費の節減，不採算航路の休廃止等[PET_BOUNDARY]経営合理化に[PET_BOUNDARY]努めるとともに一部の航路においては運賃の改定を行ったが４９年度に引き続きその経,経営合理化に,1,諸経費の上昇によるものである。これに対し事業者は経費の節減，不採算航路の休廃止等経営合理化に努めるとともに一部の航路においては運賃の改定を行ったが４９年度に引き続きその経,sometimes
1671,101,経営合理化,いるのか、つまり利益をもたらした原因が企業規模の拡大によるものか、費用削減などの[PET_BOUNDARY]経営合理化に[PET_BOUNDARY]よるものかを「売上高の成長性」および「付加価値の成長性」を分析することによって,経営合理化に,1,いるのか、つまり利益をもたらした原因が企業規模の拡大によるものか、費用削減などの経営合理化によるものかを「売上高の成長性」および「付加価値の成長性」を分析することによって,sometimes
